/*
SQLyog Ultimate - MySQL GUI v8.2 
MySQL - 5.0.87-community-nt : Database - jky9db
*********************************************************************
*/

/*!40101 SET NAMES utf8 */;

/*!40101 SET SQL_MODE=''*/;

/*!40014 SET @OLD_UNIQUE_CHECKS=@@UNIQUE_CHECKS, UNIQUE_CHECKS=0 */;
/*!40014 SET @OLD_FOREIGN_KEY_CHECKS=@@FOREIGN_KEY_CHECKS, FOREIGN_KEY_CHECKS=0 */;
/*!40101 SET @OLD_SQL_MODE=@@SQL_MODE, SQL_MODE='NO_AUTO_VALUE_ON_ZERO' */;
/*!40111 SET @OLD_SQL_NOTES=@@SQL_NOTES, SQL_NOTES=0 */;
CREATE DATABASE /*!32312 IF NOT EXISTS*/`jky9db` /*!40100 DEFAULT CHARACTER SET utf8 */;

USE `jky9db`;

/*Table structure for table `contract_c` */

DROP TABLE IF EXISTS `contract_c`;

CREATE TABLE `contract_c` (
  `CONTRACT_ID` varchar(40) NOT NULL,
  `OFFEROR` varchar(200) default NULL,
  `CONTRACT_NO` varchar(50) default NULL,
  `SIGNING_DATE` datetime default NULL,
  `INPUT_BY` varchar(30) default NULL,
  `CHECK_BY` varchar(30) default NULL,
  `INSPECTOR` varchar(30) default NULL,
  `TOTAL_AMOUNT` decimal(10,2) default NULL,
  `CREQUEST` varchar(2000) default NULL,
  `CUSTOM_NAME` varchar(200) default NULL,
  `SHIP_TIME` datetime default NULL,
  `IMPORT_NUM` int(11) default NULL COMMENT '打印时标识几个星,对应说明中的内容',
  `DELIVERY_PERIOD` datetime default NULL,
  `REMARK` varchar(600) default NULL,
  `PRINT_STYLE` char(1) default NULL COMMENT '宽2:一页两个货物  窄1:一页一个货物',
  `OLD_STATE` int(11) default NULL COMMENT '归档前状态, 方便回退',
  `STATE` int(11) default NULL COMMENT '0草稿 1已上报待报运\n            \n            归档后, 其他选择合同的地方均去除.\n            表示合同已完成, 不论是否合同的货物是否全部真的走完, 因为有赔付等其他情况',
  `OUT_STATE` int(11) default NULL COMMENT '0未走货 1部分 2全部\n            \n            归档后, 其他选择合同的地方均去除.\n            表示合同已完成, 不论是否合同的货物是否全部真的走完, 因为有赔付等其他情况',
  `TRADE_TERMS` varchar(30) default NULL,
  `CREATE_BY` varchar(40) default NULL,
  `CREATE_DEPT` varchar(40) default NULL,
  `CREATE_TIME` datetime default NULL,
  PRIMARY KEY  (`CONTRACT_ID`)
) ENGINE=InnoDB DEFAULT CHARSET=utf8;

/*Data for the table `contract_c` */

insert  into `contract_c`(`CONTRACT_ID`,`OFFEROR`,`CONTRACT_NO`,`SIGNING_DATE`,`INPUT_BY`,`CHECK_BY`,`INSPECTOR`,`TOTAL_AMOUNT`,`CREQUEST`,`CUSTOM_NAME`,`SHIP_TIME`,`IMPORT_NUM`,`DELIVERY_PERIOD`,`REMARK`,`PRINT_STYLE`,`OLD_STATE`,`STATE`,`OUT_STATE`,`TRADE_TERMS`,`CREATE_BY`,`CREATE_DEPT`,`CREATE_TIME`) values ('4028817a3357462e01336d523195001a','陕西杰信商务发展有限公司','C/3847/11','2011-12-02 00:00:00','杨丽','','李春光','39240.00','★   产品与封样无明显差异，唛头、标签及包装质量务必符合公司要求。 \r\n ★★  产品生成前期、中期、后期抽验率不得少于10%，质量和封样一致， \r\n       并将验货照片传回公司。 \r\n★★★ 重点客人的质量标准检验，产品抽验率不得少于50%，务必做到入箱前检查。\r\n 交期：2011年12月15日/工厂。 \r\n       没有经过我司同意无故延期交货造成严重后果的，按照客人的相关要求处理。 \r\n 开票：出货后请将增值税发票、验货报告、合同复印件及出库单一并寄至我司，以便我司安排付款。','HOME','2011-12-25 00:00:00',3,'2011-12-15 00:00:00','','2',NULL,1,NULL,'','ff80808131301abf0131303fe2e40038','0001002','2012-02-01 12:18:47'),('4028817a33812ffd0133821a8eb5002b','陕西杰信商务发展有限公司','11JK1084','2011-11-08 00:00:00','杨丽','','李春光','10936.00','★   产品与封样无明显差异，唛头、标签及包装质量务必符合公司要求。 \r\n ★★  产品生成前期、中期、后期抽验率不得少于10%，质量和封样一致， \r\n       并将验货照片传回公司。 \r\n★★★ 重点客人的质量标准检验，产品抽验率不得少于50%，务必做到入箱前检查。 \r\n 交期：2011年12月20日/工厂。毛坯送至祁县瑞成玻璃镀膜厂。 \r\n       没有经过我司同意无故延期交货造成严重后果的，按照客人的相关要求处理。 \r\n 开票：出货后请将增值税发票、验货报告、合同复印件及出库单一并寄至我司，以便我司安排付款。','ONE WORLD','2011-12-30 00:00:00',3,'2011-12-20 00:00:00','','2',NULL,1,NULL,NULL,'ff80808131301abf0131303fe2e40038','0001002','2011-12-01 16:58:54'),('4028817a33d4f8b40133d991a50d0019','陕西杰信商务发展有限公司','11JK1066','2011-11-25 00:00:00','杨丽','','李春光','146184.00','★   产品与封样无明显差异，唛头、标签及包装质量务必符合公司要求。 \r\n ★★  产品生成前期、中期、后期抽验率不得少于10%，质量和封样一致， \r\n       并将验货照片传回公司。 \r\n★★★ 重点客人的质量标准检验，产品抽验率不得少于50%，务必做到入箱前检查。 \r\n 交期：2011年12月5日/工厂。\r\n       没有经过我司同意无故延期交货造成严重后果的，按照客人的相关要求处理。 \r\n 开票：出货后请将增值税发票、验货报告、合同复印件及出库单一并寄至我司，以便我司安排付款。','','2011-12-20 00:00:00',3,'2011-12-05 00:00:00','待样品确认后方可安排生产','2',NULL,0,NULL,NULL,'ff80808131301abf0131303fe2e40038','0001002','2011-11-25 16:01:28'),('4028817a3420e78a013421a693730001','陕西杰信商务发展有限公司','C/4040/11','2011-12-09 00:00:00','杨丽','','李春光','114640.00','★   产品与封样无明显差异，唛头、标签及包装质量务必符合公司要求。 \r\n ★★  产品生产前期、中期、后期抽验率不得少于10%，质量和封样一致， \r\n       并将验货照片传回公司。 \r\n★★★ 重点客人的质量标准检验，产品抽验率不得少于50%，务必做到入箱前检查。 \r\n 交期：2012年2月15日/工厂。\r\n       没有经过我司同意无故延期交货造成严重后果的，按照客人的相关要求处理。 \r\n 开票：出货后请将增值税发票、验货报告、合同复印件及出库单一并寄至我司，以便我司安排付款。','HOME','2012-02-25 00:00:00',1,'2012-02-15 00:00:00','','2',NULL,1,NULL,NULL,'ff80808131301abf0131303fe2e40038','0001002','2011-12-09 16:16:29');

/*Table structure for table `contract_his_c` */

DROP TABLE IF EXISTS `contract_his_c`;

CREATE TABLE `contract_his_c` (
  `CONTRACT_ID` varchar(40) NOT NULL,
  `OFFEROR` varchar(200) default NULL,
  `CONTRACT_NO` varchar(50) default NULL,
  `SIGNING_DATE` datetime default NULL,
  `INPUT_BY` varchar(30) default NULL,
  `CHECK_BY` varchar(30) default NULL,
  `INSPECTOR` varchar(30) default NULL,
  `TOTAL_AMOUNT` decimal(10,2) default NULL,
  `CREQUEST` varchar(2000) default NULL,
  `CUSTOM_NAME` varchar(200) default NULL,
  `SHIP_TIME` datetime default NULL,
  `IMPORT_NUM` int(11) default NULL COMMENT '打印时标识几个星,对应说明中的内容',
  `DELIVERY_PERIOD` datetime default NULL,
  `REMARK` varchar(600) default NULL,
  `PRINT_STYLE` char(1) default NULL COMMENT '宽2:一页两个货物  窄1:一页一个货物',
  `OLD_STATE` int(11) default NULL COMMENT '归档前状态, 方便回退',
  `STATE` int(11) default NULL COMMENT '0草稿 1已上报待报运\n            \n            归档后, 其他选择合同的地方均去除.\n            表示合同已完成, 不论是否合同的货物是否全部真的走完, 因为有赔付等其他情况',
  `OUT_STATE` int(11) default NULL COMMENT '0未走货 1部分 2全部\n            \n            归档后, 其他选择合同的地方均去除.\n            表示合同已完成, 不论是否合同的货物是否全部真的走完, 因为有赔付等其他情况',
  `TRADE_TERMS` varchar(30) default NULL,
  `CREATE_BY` varchar(40) default NULL,
  `CREATE_DEPT` varchar(40) default NULL,
  `CREATE_TIME` datetime default NULL,
  PRIMARY KEY  (`CONTRACT_ID`)
) ENGINE=InnoDB DEFAULT CHARSET=utf8;

/*Data for the table `contract_his_c` */

insert  into `contract_his_c`(`CONTRACT_ID`,`OFFEROR`,`CONTRACT_NO`,`SIGNING_DATE`,`INPUT_BY`,`CHECK_BY`,`INSPECTOR`,`TOTAL_AMOUNT`,`CREQUEST`,`CUSTOM_NAME`,`SHIP_TIME`,`IMPORT_NUM`,`DELIVERY_PERIOD`,`REMARK`,`PRINT_STYLE`,`OLD_STATE`,`STATE`,`OUT_STATE`,`TRADE_TERMS`,`CREATE_BY`,`CREATE_DEPT`,`CREATE_TIME`) values ('4028817a3357462e01336cc0877b0010','陕西杰信商务发展有限公司','11JK1080','2011-11-04 00:00:00','杨丽','','吕晓波','2318.40','★   产品与封样无明显差异，唛头、标签及包装质量务必符合公司要求。 \r\n ★★  产品生成前期、中期、后期抽验率不得少于10%，质量和封样一致， \r\n       并将验货照片传回公司。 \r\n★★★ 重点客人的质量标准检验，产品抽验率不得少于50%，务必做到入箱前检查。 \r\n 交期：2011年12月10日/工厂。毛坯送至祁县瑞成玻璃镀膜厂。 \r\n       没有经过我司同意无故延期交货造成严重后果的，按照客人的相关要求处理。 \r\n 开票：出货后请将增值税发票、验货报告、合同复印件及出库单一并寄至我司，以便我司安排付款。','','2011-12-20 00:00:00',3,'2011-12-10 00:00:00','待样品确认后方可安排生产','1',NULL,1,NULL,NULL,'ff80808131301abf0131303fe2e40038','0001002','2011-11-04 16:50:21'),('4028817a33812ffd0133813f25940001','陕西杰信商务发展有限公司','C/3861/11','2011-11-08 00:00:00','杨丽','','吕晓波','165378.00','★   产品与封样无明显差异，唛头、标签及包装质量务必符合公司要求。 \r\n ★★  产品生产前期、中期、后期抽验率不得少于10%，质量和封样一致， \r\n       并将验货照片传回公司。 \r\n★★★ 重点客人的质量标准检验，产品抽验率不得少于50%，务必做到入箱前检查。 \r\n 包装：产品用白纸，瓦楞纸，气泡纸包裹后入内盒，大箱，大箱用胶带纸工字封口；\r\n 交期：2012年1月10日/工厂。 \r\n       没有经过我司同意无故延期交货造成严重后果的，按照客人的相关要求处理。 \r\n 开票：出货后请将增值税发票、验货报告、合同复印件及出库单一并寄至我司，以便我司安排付款。','HOME','2012-01-25 00:00:00',3,'2012-01-10 00:00:00','','2',NULL,1,NULL,NULL,'ff80808131301abf0131303fe2e40038','0001002','2012-01-04 14:22:12'),('4028817a353b8d8e01353d15008d0046','陕西杰信商务发展有限公司','C/4104/11','2012-02-02 00:00:00','杨丽','','','37749.00','★   产品与封样无明显差异，唛头、标签及包装质量务必符合公司要求。 \r\n ★★  产品生产前期、中期、后期抽验率不得少于10%，质量和封样一致， \r\n       并将验货照片传回公司。 \r\n★★★ 重点客人的质量标准检验，产品抽验率不得少于50%，务必做到入箱前检查。 \r\n 交期：2012年2月15日/工厂。 \r\n       没有经过我司同意无故延期交货造成严重后果的，按照客人的相关要求处理。 \r\n 开票：出货后请将增值税发票、验货报告、合同复印件及出库单一并寄至我司，以便我司安排付款。','HOME','2012-02-25 00:00:00',3,'2012-02-15 00:00:00','','2',NULL,1,0,'T/T','ff80808131301abf0131303fe2e40038','0001002','2012-02-02 17:04:16');

/*Table structure for table `contract_product_c` */

DROP TABLE IF EXISTS `contract_product_c`;

CREATE TABLE `contract_product_c` (
  `CONTRACT_PRODUCT_ID` varchar(40) NOT NULL,
  `CONTRACT_ID` varchar(40) default NULL,
  `FACTORY_ID` varchar(40) default NULL,
  `EXPORT_LIST_ID` varchar(40) default NULL,
  `INVOICE_ID` varchar(40) default NULL,
  `PRODUCT_NAME` varchar(200) default NULL,
  `PRODUCT_NO` varchar(50) default NULL,
  `PRODUCT_IMAGE` varchar(200) default NULL,
  `PRODUCT_DESC` varchar(600) default NULL,
  `LOADING_RATE` varchar(30) default NULL COMMENT 'x/y',
  `PACKING_UNIT` varchar(10) default NULL COMMENT 'PCS/SETS',
  `CNUMBER` int(11) default NULL,
  `OUT_NUMBER` int(11) default NULL,
  `FINISHED` bit(1) default NULL,
  `GROSS_WEIGHT` decimal(10,2) default NULL,
  `NET_WEIGHT` decimal(10,2) default NULL,
  `CSIZE` varchar(20) default NULL,
  `SIZE_LENGTH` decimal(10,2) default NULL,
  `SIZE_WIDTH` decimal(10,2) default NULL,
  `SIZE_HEIGHT` decimal(10,2) default NULL,
  `PRODUCT_REQUEST` varchar(2000) default NULL,
  `FACTORY_NAME` varchar(200) default NULL,
  `PRICE` decimal(10,2) default NULL,
  `AMOUNT` decimal(10,2) default NULL COMMENT '自动计算: 数量x单价',
  `CUNIT` varchar(10) default NULL,
  `BOX_NUM` int(11) default NULL,
  `EX_PRICE` decimal(10,2) default NULL,
  `EX_AMOUNT` decimal(10,2) default NULL,
  `EX_UNIT` varchar(10) default NULL COMMENT '$/￥',
  `NO_TAX` decimal(10,2) default NULL COMMENT '收购单价',
  `TAX` decimal(10,2) default NULL COMMENT '收购单价',
  `COST_PRICE` decimal(10,2) default NULL COMMENT '自动计算=数量x含税/1.17标准值',
  `COST_TAX` decimal(10,2) default NULL COMMENT '自动计算=数量x含税-收购成本金额',
  `ACCESSORIES` bit(1) default NULL,
  `ORDER_NO` int(11) default NULL,
  `EXTS` varchar(50) default NULL,
  PRIMARY KEY  (`CONTRACT_PRODUCT_ID`)
) ENGINE=InnoDB DEFAULT CHARSET=utf8;

/*Data for the table `contract_product_c` */

insert  into `contract_product_c`(`CONTRACT_PRODUCT_ID`,`CONTRACT_ID`,`FACTORY_ID`,`EXPORT_LIST_ID`,`INVOICE_ID`,`PRODUCT_NAME`,`PRODUCT_NO`,`PRODUCT_IMAGE`,`PRODUCT_DESC`,`LOADING_RATE`,`PACKING_UNIT`,`CNUMBER`,`OUT_NUMBER`,`FINISHED`,`GROSS_WEIGHT`,`NET_WEIGHT`,`CSIZE`,`SIZE_LENGTH`,`SIZE_WIDTH`,`SIZE_HEIGHT`,`PRODUCT_REQUEST`,`FACTORY_NAME`,`PRICE`,`AMOUNT`,`CUNIT`,`BOX_NUM`,`EX_PRICE`,`EX_AMOUNT`,`EX_UNIT`,`NO_TAX`,`TAX`,`COST_PRICE`,`COST_TAX`,`ACCESSORIES`,`ORDER_NO`,`EXTS`) values ('4028817a3357462e01336d523195001b','4028817a3357462e01336d523195001a','7',NULL,NULL,NULL,'8708/6203','1bab511c-4f4c-4de7-8b65-4ccdcd00a569.png','怪虫小碗，喷紫色，喷漆，喷珠光\r\n直径：18CM\r\n4只/内盒           8只/大箱\r\n白纸，瓦楞纸包裹，大箱用胶带纸工字封口','4/8','PCS',600,0,'\0',NULL,NULL,NULL,NULL,NULL,NULL,NULL,NULL,'6.50','3900.00',NULL,75,NULL,NULL,NULL,NULL,NULL,NULL,NULL,'\0',1,NULL),('4028817a3357462e01336d5e8a59001c','4028817a3357462e01336d523195001a','7',NULL,NULL,NULL,'9749/6525','143a4aa8-894d-4226-a461-eac712567360.png','怪虫碗，喷绿色，喷漆，喷珠光\r\n直径：18CM\r\n4只/内盒            8只/大箱\r\n白纸，瓦楞纸包装\r\n大箱用胶带纸工字封口；','4/8','PCS',600,0,'\0',NULL,NULL,NULL,NULL,NULL,NULL,NULL,NULL,'6.50','3900.00',NULL,75,NULL,NULL,NULL,NULL,NULL,NULL,NULL,'\0',6,NULL),('4028817a3357462e01336d5e8a59001d','4028817a3357462e01336d523195001a','7',NULL,NULL,NULL,'9226/6116','fcf3f5a9-a405-4f33-abb9-f317c60f1453.png','海星盘，喷绿色，喷漆，喷珠光\r\n直径：31CM\r\n4只/内盒             8只/大箱\r\n白纸包装，中间垫隔板\r\n大箱用胶带纸工字封口；','4/8','PCS',408,0,'\0',NULL,NULL,NULL,NULL,NULL,NULL,NULL,NULL,'11.00','4488.00',NULL,51,NULL,NULL,NULL,NULL,NULL,NULL,NULL,'\0',3,NULL),('4028817a3357462e01336d5e8a59001e','4028817a3357462e01336d523195001a','7',NULL,NULL,NULL,'9748/6115','657ac46a-bd23-4a2d-9abe-c552a8fc3727.png','海星盘，喷蓝色，喷漆，喷珠光\r\n直径：31CM\r\n4只/内盒            8只/大箱\r\n白纸包裹，中间垫隔板\r\n大箱用胶带纸工字封口；','4/8','PCS',408,0,'\0',NULL,NULL,NULL,NULL,NULL,NULL,NULL,NULL,'11.00','4488.00',NULL,51,NULL,NULL,NULL,NULL,NULL,NULL,NULL,'\0',5,NULL),('4028817a3357462e01336d5e8a59001f','4028817a3357462e01336d523195001a','7',NULL,NULL,NULL,'9956/6308','1ca7fc1c-aad2-4f1e-8c3b-9a1009e22c04.png','竹节碗，喷蓝色，喷漆，喷珠光\r\n直径：31CM\r\n4只/内盒            8只/大箱\r\n白纸，瓦楞纸包裹\r\n大箱用胶带纸工字封口','4/8','PCS',408,0,'\0',NULL,NULL,NULL,NULL,NULL,NULL,NULL,NULL,'11.50','4692.00',NULL,51,NULL,NULL,NULL,NULL,NULL,NULL,NULL,'\0',9,NULL),('4028817a3357462e01336d5e8a590020','4028817a3357462e01336d523195001a','7',NULL,NULL,NULL,'9954/6309','1e15e517-af2a-45c9-8c1e-1f1b592f5f79.png','竹节碗，喷绿色，喷漆，喷珠光\r\n直径：31CM\r\n4只/内盒            8只/大箱\r\n白纸，瓦楞纸包裹\r\n大箱用胶带纸工字封口','4/8','PCS',408,0,'\0',NULL,NULL,NULL,NULL,NULL,NULL,NULL,NULL,'11.50','4692.00',NULL,51,NULL,NULL,NULL,NULL,NULL,NULL,NULL,'\0',7,NULL),('4028817a3357462e01336d5e8a590021','4028817a3357462e01336d523195001a','7',NULL,NULL,NULL,'8709/6204','1a6770a7-033c-4b98-9e2a-60cd2a5081c3.png','怪虫小碗，喷蓝色，喷漆，喷珠光\r\n直径：18CM\r\n4只/内盒          8只/大箱\r\n白纸，瓦楞纸包装，大箱用胶带纸工字封口；','4/8','PCS',600,0,'\0',NULL,NULL,NULL,NULL,NULL,NULL,NULL,NULL,'6.50','3900.00',NULL,75,NULL,NULL,NULL,NULL,NULL,NULL,NULL,'\0',2,NULL),('4028817a3357462e01336d5e8a590022','4028817a3357462e01336d523195001a','7',NULL,NULL,NULL,'9955/6105','15c6d6ad-3608-4d73-83f3-23f605123b90.png','竹节碗，喷紫色，喷漆，喷珠光\r\n直径：31CM\r\n4只/内盒            8只/大箱\r\n白纸，瓦楞纸包裹\r\n大箱用胶带纸工字封口；','4/8','PCS',408,0,'\0',NULL,NULL,NULL,NULL,NULL,NULL,NULL,NULL,'11.50','4692.00',NULL,51,NULL,NULL,NULL,NULL,NULL,NULL,NULL,'\0',8,NULL),('4028817a3357462e01336d5e8a590023','4028817a3357462e01336d523195001a','7',NULL,NULL,NULL,'9227/6092','0ffed7a5-6fd6-4b36-9387-7108bb408fdf.png','海星盘，喷紫色，喷漆，喷珠光\r\n直径：30CM\r\n4只/内盒            8只/大箱\r\n包装包裹，中间垫隔板\r\n大箱用胶带纸工字封口','4/8','PCS',408,0,'\0',NULL,NULL,NULL,NULL,NULL,NULL,NULL,NULL,'11.00','4488.00',NULL,51,NULL,NULL,NULL,NULL,NULL,NULL,NULL,'\0',4,NULL),('4028817a33812ffd0133821a8eb5002c','4028817a33812ffd0133821a8eb5002b','1',NULL,NULL,NULL,'JK110102','e4df38d5-f0d9-4f91-99c6-240addaa36a3.png','全明料平光蛋糕罩配钻石盘子\r\n罩子上粘小鸟，小鸟和钻石盘我司供\r\n罩子尺寸：26X36CM高\r\n1套/上下保利龙盖/内盒\r\n2套/大箱\r\n保利龙垫工厂供','1/2','SETS',150,0,'\0',NULL,NULL,NULL,NULL,NULL,NULL,NULL,NULL,'32.00','4800.00',NULL,75,NULL,NULL,NULL,NULL,NULL,NULL,NULL,'\0',2,NULL),('4028817a33812ffd0133821a8eb5002d','4028817a33812ffd0133821a8eb5002b','1',NULL,NULL,NULL,'JK110101','bfd61df4-61b5-492c-b11c-7d19b63f5cf1.png','全明料平光蛋糕罩配钻石盘子\r\n罩子上粘小鸟，小鸟和钻石盘我司供\r\n罩子尺寸：20X20.5CM高\r\n1套/上下保利龙盖/内盒\r\n4套/大箱\r\n保利龙垫工厂供','1/4','SETS',152,0,'\0',NULL,NULL,NULL,NULL,NULL,NULL,NULL,NULL,'22.00','3344.00',NULL,38,NULL,NULL,NULL,NULL,NULL,NULL,NULL,'\0',1,NULL),('4028817a33d4f8b40133d991a50d001a','4028817a33d4f8b40133d991a50d0019','ff808081301885760130189e47ca0013',NULL,NULL,NULL,'JK1040446/JK446','undefined','全明料糖缸配盖子，普通底\r\n尺寸：16.5X50CM高\r\n1只/上下保丽龙垫/白盒\r\n2只/大箱\r\n保丽龙垫工厂供','1/2','PCS',600,0,'\0',NULL,NULL,NULL,NULL,NULL,NULL,NULL,NULL,'25.00','15000.00',NULL,300,NULL,NULL,NULL,NULL,NULL,NULL,NULL,'\0',7,NULL),('4028817a33d4f8b40133d991a50d001b','4028817a33d4f8b40133d991a50d0019','2',NULL,NULL,NULL,'JK1040364/JK364','undefined','全明料糖缸配盖子\r\n尺寸：19X39CM高\r\n1只/上下保丽龙垫/白盒\r\n2只/大箱\r\n保丽龙工厂供','1/2','PCS',600,0,'\0',NULL,NULL,NULL,NULL,NULL,NULL,NULL,NULL,'25.00','15000.00',NULL,300,NULL,NULL,NULL,NULL,NULL,NULL,NULL,'\0',6,NULL),('4028817a33d4f8b40133d991a50d001c','4028817a33d4f8b40133d991a50d0019','2',NULL,NULL,NULL,'JK1050316/JK316','undefined','全明料糖缸，刻麦穗花不描亮油。\r\n盖子电镀，电镀我司安排。\r\n尺寸：15X15CM 高\r\n1只/白盒    6只/大箱\r\n产品用白纸、瓦纸、气泡纸包装入白盒，入大箱。大箱用胶带纸工字封口。\r\n白盒我司供','1/6','PCS',600,0,'\0',NULL,NULL,NULL,NULL,NULL,NULL,NULL,NULL,'12.00','7200.00',NULL,100,NULL,NULL,NULL,NULL,NULL,NULL,NULL,'\0',2,NULL),('4028817a33d4f8b40133d991a50d001d','4028817a33d4f8b40133d991a50d0019','1',NULL,NULL,NULL,'JK1050166/JK166','undefined','全明料糖缸，刻花不描亮油。\r\n尺寸：12.5X26.5CM高\r\n1只/白盒    6只/大箱\r\n产品用白纸、瓦纸、气泡纸包装入白盒，入大箱。大箱用胶带纸工字封口。\r\n白盒我司供','1/6','PCS',600,0,'\0',NULL,NULL,NULL,NULL,NULL,NULL,NULL,NULL,'16.00','9600.00',NULL,100,NULL,NULL,NULL,NULL,NULL,NULL,NULL,'\0',1,NULL),('4028817a33d4f8b40133d991a50d001e','4028817a33d4f8b40133d991a50d0019','4',NULL,NULL,NULL,'JK103694/JK694','undefined','套6全明料死模低口杯\r\n尺寸：8X12.5CM高\r\n1套/白盒    4套/大箱\r\n产品用白纸、瓦纸、气泡纸包装入白盒，入大箱。大箱用胶带纸工字封口。\r\n白盒我司供','1/4','SETS',480,0,'\0',NULL,NULL,NULL,NULL,NULL,NULL,NULL,NULL,'24.00','11520.00',NULL,120,NULL,NULL,NULL,NULL,NULL,NULL,NULL,'\0',4,NULL),('4028817a33d4f8b40133d991a50d001f','4028817a33d4f8b40133d991a50d0019','ff808081301885760130189e47ca0013',NULL,NULL,NULL,'JK103956/JK956','undefined','全明料蛋糕罩配盘子\r\n盘子我司安排\r\n罩子尺寸：33X14X15\r\n1套/保丽龙/五层内盒  2套/大箱\r\n2011年11月15日送天顺厂','1/2','SETS',480,0,'\0',NULL,NULL,NULL,NULL,NULL,NULL,NULL,NULL,'27.00','12960.00',NULL,240,NULL,NULL,NULL,NULL,NULL,NULL,NULL,'\0',5,NULL),('4028817a33d4f8b40133d991a50d0020','4028817a33d4f8b40133d991a50d0019','4',NULL,NULL,NULL,'JK103693/JK693','undefined','套6全明料死模低口杯\r\n尺寸：7.3X10.5CM高\r\n1套/白盒    8套/大箱\r\n产品用白纸、瓦纸、气泡纸包装入白盒，入大箱。大箱用胶带纸工字封口。\r\n白盒我司供','1/8','SETS',184,0,'\0',NULL,NULL,NULL,NULL,NULL,NULL,NULL,NULL,'21.00','3864.00',NULL,23,NULL,NULL,NULL,NULL,NULL,NULL,NULL,'\0',3,NULL),('4028817a33d4f8b40133d9be557b0029','4028817a33d4f8b40133d991a50d0019','9',NULL,NULL,NULL,'J859101549/JK549','','全明料蛋糕盘\r\n尺寸：直径33.5CM\r\n2只/五层内盒    8只/大箱','2/8','PCS',1200,0,'\0',NULL,NULL,NULL,NULL,NULL,NULL,NULL,NULL,'10.00','12000.00',NULL,150,NULL,NULL,NULL,NULL,NULL,NULL,NULL,'\0',12,NULL),('4028817a33d4f8b40133d9be557b002a','4028817a33d4f8b40133d991a50d0019','4028817a33d4f8b40133d9989f5e0024',NULL,NULL,NULL,'JK1060338/JK338','','全明料机压直棱糖缸\r\n尺寸：15.5X15.5CM 高\r\n1只/白盒  12只/五层大箱\r\n白盒我司供','1/12','PCS',2400,0,'\0',NULL,NULL,NULL,NULL,NULL,NULL,NULL,NULL,'7.15','17160.00',NULL,200,NULL,NULL,NULL,NULL,NULL,NULL,NULL,'\0',8,NULL),('4028817a33d4f8b40133d9be557b002b','4028817a33d4f8b40133d991a50d0019','9',NULL,NULL,NULL,'JK103209/JK209','','全明料2层钻石蛋糕盘，配喷塑铁架\r\n铁架我司供\r\n大盘尺寸：33X2.5CM\r\n小盘尺寸：21X2.5CM\r\n1套/内盒    6套/大箱','1/6','SETS',1200,0,'\0',NULL,NULL,NULL,NULL,NULL,NULL,NULL,NULL,'13.00','15600.00',NULL,200,NULL,NULL,NULL,NULL,NULL,NULL,NULL,'\0',11,NULL),('4028817a33d4f8b40133d9be557b002c','4028817a33d4f8b40133d991a50d0019','9',NULL,NULL,NULL,'JK1031007-LP/JK007/1','','全明料钻石蛋糕盘，粘底座\r\n尺寸：30X11.5CM高\r\n1只/白盒    4只/大箱\r\n白盒我司供','1/4','PCS',600,0,'\0',NULL,NULL,NULL,NULL,NULL,NULL,NULL,NULL,'10.50','6300.00',NULL,150,NULL,NULL,NULL,NULL,NULL,NULL,NULL,'\0',13,NULL),('4028817a33d4f8b40133d9be557b002d','4028817a33d4f8b40133d991a50d0019','1',NULL,NULL,NULL,'JK1050128/JK0128','','全明料三层糖缸，刻麦穗花\r\n尺寸：12X22.5CM\r\n1套/白盒    8套/大箱\r\n产品用白纸、瓦纸、气泡纸包装入白盒，入大箱。大箱用胶带纸工字封口。\r\n白盒我司供','1/8','SETS',600,0,'\0',NULL,NULL,NULL,NULL,NULL,NULL,NULL,NULL,'18.50','11100.00',NULL,75,NULL,NULL,NULL,NULL,NULL,NULL,NULL,'\0',9,NULL),('4028817a33d4f8b40133d9be557b002e','4028817a33d4f8b40133d991a50d0019','2',NULL,NULL,NULL,'JK103176/JK176','','全明料糖缸，刻花，不带盖子\r\n尺寸：20X14.5CM高\r\n1只/白盒    4只/大箱\r\n产品用白纸、瓦纸、气泡纸包装入白盒，入大箱。大箱用胶带纸工字封口。\r\n白盒我司供','1/4','PCS',480,0,'\0',NULL,NULL,NULL,NULL,NULL,NULL,NULL,NULL,'18.50','8880.00',NULL,120,NULL,NULL,NULL,NULL,NULL,NULL,NULL,'\0',10,NULL),('4028817a33f7960d0133f8d912ba0005','4028817a33812ffd0133821a8eb5002b','9',NULL,NULL,NULL,'JK110102','','全明料钻石盘子\r\n盘子尺寸：29.5X11.5CM\r\n安全包装送祁县宏艺厂','1/2','PCS',150,0,'\0',NULL,NULL,NULL,NULL,NULL,NULL,NULL,NULL,'10.00','1500.00',NULL,38,NULL,NULL,NULL,NULL,NULL,NULL,NULL,'\0',3,NULL),('4028817a33f7960d0133f8d912ba0006','4028817a33812ffd0133821a8eb5002b','9',NULL,NULL,NULL,'JK110101','','全明料钻石盘子\r\n盘子尺寸：23X11.5CM\r\n安全包装送祁县宏艺厂','1/4','PCS',152,0,'\0',NULL,NULL,NULL,NULL,NULL,NULL,NULL,NULL,'8.50','1292.00',NULL,38,NULL,NULL,NULL,NULL,NULL,NULL,NULL,'\0',4,NULL),('4028817a3420e78a013421a693820002','4028817a3420e78a013421a693730001','4',NULL,NULL,NULL,'4995','c7801815-993e-43f0-8ac5-d5d788f34e74.png','全明料死模风灯，电镀花银喷紫色\r\n明料挺底，电镀喷色我司安排\r\n尺寸：11.5X20.3CM\r\n1只/五层内盒      12只/大箱\r\n白纸，瓦楞纸，气泡纸包裹\r\n1月30日送祁县瑞成电镀厂电镀','1/12','PCS',300,300,'','8.00','6.00',NULL,'44.00','29.00','50.00',NULL,NULL,'8.50','2550.00',NULL,25,'1.80',NULL,NULL,NULL,NULL,NULL,NULL,'\0',3,NULL),('4028817a3420e78a013421a693820003','4028817a3420e78a013421a693730001','4',NULL,NULL,NULL,'4994','ae3e208e-8037-41dc-89d3-6727d1403c4c.png','全明料死模风灯，电镀花银喷浅海蓝\r\n明料挺底,电镀喷色我司安排\r\n尺寸：11.5X20.3CM\r\n1只/五层内盒     12只/大箱\r\n白纸，瓦楞纸，汽泡纸包装\r\n1月30日送祁县瑞成厂电镀','1/12','PCS',300,300,'','8.00','6.00',NULL,'44.00','29.00','50.00',NULL,NULL,'8.50','2550.00',NULL,25,'1.80',NULL,NULL,NULL,NULL,NULL,NULL,'\0',2,NULL),('4028817a3420e78a013421a693820004','4028817a3420e78a013421a693730001','4',NULL,NULL,NULL,'4996','09b2983e-67b1-4f42-b6ec-0efa99b90cae.png','全明料死模风灯，电镀花银喷浅绿色\r\n明料挺底，电镀喷色我司安排\r\n尺寸：11.5X30.5CM高\r\n1只/五层内盒      6只/大箱\r\n白纸，瓦楞纸，汽泡纸包裹\r\n1月30日送祁县瑞成电镀厂电镀','1/6','PCS',300,300,'','9.00','7.00',NULL,'44.00','29.00','38.00',NULL,NULL,'10.50','3150.00',NULL,50,'2.20',NULL,NULL,NULL,NULL,NULL,NULL,'\0',4,NULL),('4028817a3420e78a013421a693820005','4028817a3420e78a013421a693730001','2',NULL,NULL,NULL,'5118','d2f2ab57-ca50-43ff-87fd-9b6b38d14adc.png','全明料蛋糕盘+罩子	\r\n罩子上烤白金字母花纸（SWEETS)	\r\n盘子口径16.4CM	\r\n罩子尺寸：15X13CM  全高：26.7CM	\r\n1套/上下保利龙垫/五层内盒 4套/大箱	\r\n花纸我司供，保利龙垫工厂供','1/4','SETS',300,300,'','6.00','4.00',NULL,'42.00','42.00','27.00',NULL,NULL,'16.00','4800.00',NULL,75,'3.60',NULL,NULL,NULL,NULL,NULL,NULL,'\0',14,NULL),('4028817a3420e78a013421a693820006','4028817a3420e78a013421a693730001','4',NULL,NULL,NULL,'4993','49a9221c-aa5d-42a6-997c-9671c69ebb96.png','全明料死模风灯，电镀花银喷浅绿色 	\r\n明料挺底，电镀喷色我司安排\r\n尺寸：11.5X20.3CM	\r\n1只/五层内盒      12只/大箱\r\n白纸，瓦楞纸，汽泡纸包裹\r\n1月30日送祁县瑞成电镀厂电镀','1/12','PCS',300,300,'','8.00','6.00',NULL,'44.00','29.00','50.00',NULL,NULL,'8.50','2550.00',NULL,25,'1.80',NULL,NULL,NULL,NULL,NULL,NULL,'\0',1,NULL),('4028817a3420e78a013421a693820007','4028817a3420e78a013421a693730001','2',NULL,NULL,NULL,'5117','94744a94-9215-425c-8d7c-e6c27b74d47a.png','全明料蛋糕盘+罩子	\r\n罩上烤白金字母花纸（SWEETS)	\r\n罩子尺寸：15X13CM高	\r\n盘子尺寸：16.4X27CM高	\r\n1套/上下保利龙垫/五层内盒	\r\n4套/大箱	保利龙垫工厂提供\r\n花纸我司供','1/4','SETS',300,300,'','6.00','4.00',NULL,'42.00','42.00','37.50',NULL,NULL,'17.00','5100.00',NULL,75,'3.85',NULL,NULL,NULL,NULL,NULL,NULL,'\0',13,NULL),('4028817a3420e78a013421a693820008','4028817a3420e78a013421a693730001','4028817a33d4f8b40133d9989f5e0024',NULL,NULL,NULL,'5086','f9c8b767-01c1-47a1-816c-4203c229f765.png','全明料冰花风灯，电镀花银喷绿色\r\n尺寸：12.5X20CM高\r\n1只/五层内盒    6只/五层大箱\r\n白纸，瓦楞纸，汽泡纸包裹','1/6','PCS',300,300,'','7.00','5.00',NULL,'56.00','36.00','24.00',NULL,NULL,'13.00','3900.00',NULL,50,'2.50',NULL,NULL,NULL,NULL,NULL,NULL,'\0',10,NULL),('4028817a3420e78a013421a693820009','4028817a3420e78a013421a693730001','1',NULL,NULL,NULL,'5190','b0d362a3-2044-4bb8-ad61-0d6228e94110.png','全明料平光蛋糕罩配钻石盘子\r\n罩子上粘小鸟，小鸟和钻石盘我司供\r\n罩子尺寸：20X20.5CM高\r\n1套/上下保利龙盖/内盒\r\n4套/大箱\r\n保利龙垫工厂供','1/4','SETS',100,100,'','8.00','6.00',NULL,'57.00','56.00','29.00',NULL,NULL,'22.00','2200.00',NULL,25,'6.40',NULL,NULL,NULL,NULL,NULL,NULL,'\0',16,NULL),('4028817a3420e78a013421a69382000a','4028817a3420e78a013421a693730001','9',NULL,NULL,NULL,'5190','de8f61ab-0ce5-4e66-862f-acc66140d77f.png','全明料钻石蛋糕盘粘底座\r\n \r\n尺寸：23X11.5CM高\r\n安全包装送祁县宏艺厂','1/4','PCS',100,100,'',NULL,NULL,NULL,NULL,NULL,NULL,NULL,NULL,'8.50','850.00',NULL,25,NULL,NULL,NULL,NULL,NULL,NULL,NULL,'\0',17,NULL),('4028817a3420e78a013421a69382000b','4028817a3420e78a013421a693730001','4028817a33d4f8b40133d9989f5e0024',NULL,NULL,NULL,'5084','4afac9ad-6f75-4186-95e2-0f3c992fd0a8.png','全明料冰花风灯，电镀花银喷蓝色\r\n尺寸：10X17.5CM高\r\n1只/五层内盒    12只/五层大箱\r\n白纸，瓦楞纸，汽泡纸包裹','1/12','PCS',300,300,'','7.00','5.00',NULL,'46.00','31.00','42.00',NULL,NULL,'11.50','3450.00',NULL,25,'2.05',NULL,NULL,NULL,NULL,NULL,NULL,'\0',8,NULL),('4028817a3420e78a013421a69382000c','4028817a3420e78a013421a693730001','4028817a33d4f8b40133d9989f5e0024',NULL,NULL,NULL,'5085','11799ce4-7d8a-451b-8838-6b01f804b8ff.png','全明料冰花风灯，电镀花银喷紫色\r\n尺寸：10X17.5CM高\r\n1只/五层内盒     12只/五层大箱\r\n白纸，瓦楞纸，汽泡纸包裹','1/12','PCS',300,300,'','7.00','5.00',NULL,'46.00','31.00','42.00',NULL,NULL,'11.50','3450.00',NULL,25,'2.05',NULL,NULL,NULL,NULL,NULL,NULL,'\0',9,NULL),('4028817a3420e78a013421a69382000d','4028817a3420e78a013421a693730001','7',NULL,NULL,NULL,'5144','978f44fd-492c-4209-8b4a-6dd58539a14f.png','全明料钻石蛋糕盘粘底座\r\n喷绿色，喷漆，喷珠光\r\n尺寸：23X11.5CM高\r\n1只/五层内盒      4只/大箱\r\n白纸，瓦楞纸，气泡纸包裹','1/4','PCS',100,100,'','5.50','3.50',NULL,'50.00','26.00','28.00',NULL,NULL,'11.00','1100.00',NULL,25,'2.10',NULL,NULL,NULL,NULL,NULL,NULL,'\0',15,NULL),('4028817a3420e78a013421a69382000e','4028817a3420e78a013421a693730001','4',NULL,NULL,NULL,'4998','4c8991c6-227e-4c31-bcf7-539fd002cd12.png','全明料死模风灯，电镀花银喷紫色\r\n明料挺底,电镀喷色我司安排\r\n尺寸：11.5X30.5CM\r\n1只/五层内盒      6只/大箱\r\n白纸，瓦楞纸，气泡纸\r\n1月30日送祁县瑞成厂电镀','1/6','PCS',300,300,'','9.00','7.00',NULL,'44.00','29.00','38.00',NULL,NULL,'10.50','3150.00',NULL,50,'2.20',NULL,NULL,NULL,NULL,NULL,NULL,'\0',6,NULL),('4028817a3420e78a013421a69382000f','4028817a3420e78a013421a693730001','4028817a33d4f8b40133d9989f5e0024',NULL,NULL,NULL,'5088','9926bf89-1345-4082-aeeb-a3f94d0dcc40.png','全明料冰花风灯，电镀花银喷蓝色\r\n尺寸：12.5X20CM高\r\n1只/五层内盒     6只/五层大箱\r\n白纸，瓦楞纸，汽泡纸包裹','1/6','PCS',300,300,'','7.00','5.00',NULL,'56.00','36.00','24.00',NULL,NULL,'13.00','3900.00',NULL,50,'2.50',NULL,NULL,NULL,NULL,NULL,NULL,'\0',11,NULL),('4028817a3420e78a013421a693820010','4028817a3420e78a013421a693730001','4028817a33d4f8b40133d9989f5e0024',NULL,NULL,NULL,'5089','22a26221-2c14-4ea4-b972-ebe9df1a27ab.png','全明料冰花风灯，电镀花银喷紫色\r\n尺寸：12.5X20CM高\r\n1只/五层内盒    6只/五层大箱\r\n白纸，瓦楞纸，气泡纸包裹','1/6','PCS',300,300,'','7.00','5.00',NULL,'56.00','36.00','24.00',NULL,NULL,'13.00','3900.00',NULL,50,'2.50',NULL,NULL,NULL,NULL,NULL,NULL,'\0',12,NULL),('4028817a3420e78a013421a693920011','4028817a3420e78a013421a693730001','4',NULL,NULL,NULL,'4997','f62db940-2432-4a7d-946c-22e2ba184d37.png','全明料死模风灯，电镀花银喷浅海蓝\r\n明料挺底，电镀喷色我司安排\r\n尺寸：11.5X30.5CM\r\n1只/五层内盒      6只/大箱\r\n白纸，瓦楞纸，汽泡纸包裹\r\n1月30日送祁县瑞成电镀厂电镀','1/6','PCS',300,300,'','9.00','7.00',NULL,'44.00','29.00','38.00',NULL,NULL,'10.50','3150.00',NULL,50,'2.20',NULL,NULL,NULL,NULL,NULL,NULL,'\0',5,NULL),('4028817a3420e78a013421a693920012','4028817a3420e78a013421a693730001','4028817a33d4f8b40133d9989f5e0024',NULL,NULL,NULL,'5083','65fe2446-a833-483a-ad34-dc5da6a7e28a.png','全明料冰花风灯，电镀花银喷绿色\r\n尺寸：10X17.5CM高\r\n1只/五层内盒     12只/五层大箱\r\n白纸，瓦楞纸，汽泡纸包装','1/12','PCS',300,300,'','7.00','5.00',NULL,'46.00','31.00','42.00',NULL,NULL,'11.50','3450.00',NULL,25,'2.05',NULL,NULL,NULL,NULL,NULL,NULL,'\0',7,NULL),('4028817a3420e78a013421d2e3fe0013','4028817a3420e78a013421a693730001','4',NULL,NULL,NULL,'5336','422bfb7c-ad4e-4098-8953-beca57d6259c.png','全明料死模风灯，电镀花银喷绿色	\r\n 	\r\n尺寸：14.5X20CM高	\r\n1只/五层内盒      12只/大箱	\r\n1月30日送祁县瑞成电镀缠，电镀喷色我司安排\r\n白纸，瓦楞纸，气泡纸包裹','1/12','PCS',300,300,'','9.00','7.00',NULL,'54.00','36.00','49.00',NULL,NULL,'8.00','2400.00',NULL,25,'2.05',NULL,NULL,NULL,NULL,NULL,NULL,'\0',20,NULL),('4028817a3420e78a013421d2e3fe0014','4028817a3420e78a013421a693730001','4',NULL,NULL,NULL,'5331','c09ea297-bb5f-47a0-b8a0-0b4419f6e138.png','全明料死模风灯，电镀花银喷绿色\r\n尺寸：17X23CM高\r\n1只/五层内盒      6只/大箱\r\n1月30日送祁县瑞成电镀厂，我司安排电镀\r\n白纸，瓦楞纸，气泡纸包裹','1/6','PCS',300,300,'','8.00','6.00',NULL,'66.00','44.00','29.00',NULL,NULL,'11.50','3450.00',NULL,50,'2.65',NULL,NULL,NULL,NULL,NULL,NULL,'\0',19,NULL),('4028817a3420e78a013421d2e3fe0015','4028817a3420e78a013421a693730001','9',NULL,NULL,NULL,'5190','aa3e7517-3227-41ff-b239-a5a6d5c00939.png','机压小鸟,表面要光滑\r\n\r\n安全包装送祁县宏艺厂\r\n请提供一定余量，以备损耗','1/4','PCS',100,100,'',NULL,NULL,NULL,NULL,NULL,NULL,NULL,NULL,'2.40','240.00',NULL,25,NULL,NULL,NULL,NULL,NULL,NULL,NULL,'\0',18,NULL),('4028817a3420e78a013421e2e3c10016','4028817a3420e78a013421a693730001','4',NULL,NULL,NULL,'5400','f475d46e-733a-4220-8243-98ba76f09ddc.png','全明料死模风灯，电镀花银喷蓝色\r\n \r\n尺寸：17X23CM高\r\n1只/五层内盒      6只/大箱\r\n电镀喷色我司安排\r\n1月30日送祁县瑞成电镀厂\r\n白纸，瓦楞纸，气泡纸包裹','1/6','PCS',300,300,'','8.00','6.00',NULL,'66.00','44.00','29.00',NULL,NULL,'11.50','3450.00',NULL,50,'2.65',NULL,NULL,NULL,NULL,NULL,NULL,'\0',22,NULL),('4028817a3420e78a013421e2e3c10017','4028817a3420e78a013421a693730001','7',NULL,NULL,NULL,'9749','3d52357d-71bf-4ac1-b7f0-38b640a2d349.png','怪虫小碗，喷绿色，喷漆，喷珠光\r\n\r\n尺寸:18X9CM高\r\n4只/内盒        8只/大箱\r\n白纸，瓦楞纸，气泡纸包裹','4/8','PCS',600,600,'','6.50','4.50',NULL,'39.00','20.00','20.00',NULL,NULL,'6.50','3900.00',NULL,75,'1.29',NULL,NULL,NULL,NULL,NULL,NULL,'\0',28,NULL),('4028817a3420e78a013421e2e3c10018','4028817a3420e78a013421a693730001','2',NULL,NULL,NULL,'8759','c5f0d6c6-275f-4fb4-b468-a9be38f85f02.png','全明料糖缸带盖子\r\n尺寸：16.5X40CM高\r\n1只/上下保利龙垫/内盒 2只/大箱\r\n保利龙垫工厂供\r\n此数量出自订单C/3908/11','1/2','PCS',600,600,'','4.00','2.00',NULL,'44.00','22.00','45.00',NULL,NULL,'15.00','9000.00',NULL,300,'2.85',NULL,NULL,NULL,NULL,NULL,NULL,'\0',27,NULL),('4028817a3420e78a013421e2e3c10019','4028817a3420e78a013421a693730001','7',NULL,NULL,NULL,'8709','2720f819-b111-4aeb-b5e8-abc262dc5a7b.png','怪虫小碗，喷蓝色，喷漆，喷珠光\r\n \r\n尺寸：18X9CM高\r\n4只/内盒        8只/大箱\r\n白纸，瓦楞纸，气泡纸包裹','4/8','PCS',600,600,'','6.50','4.50',NULL,'39.00','20.00','20.00',NULL,NULL,'6.50','3900.00',NULL,75,'1.29',NULL,NULL,NULL,NULL,NULL,NULL,'\0',26,NULL),('4028817a3420e78a013421e2e3c1001a','4028817a3420e78a013421a693730001','4',NULL,NULL,NULL,'5337','c2ff4999-1ea3-479d-8859-3302bb0e9d77.png','全明料死模风灯，电镀花银喷蓝色	\r\n	\r\n尺寸：14.5X20CM高	\r\n1只/五层内盒      12只/大箱	\r\n1月30日送祁县瑞成电镀厂，电镀喷色我司安排	\r\n白纸，瓦楞纸，气泡纸包裹','1/12','PCS',300,300,'','9.00','7.00',NULL,'54.00','36.00','49.00',NULL,NULL,'8.00','2400.00',NULL,25,'2.05',NULL,NULL,NULL,NULL,NULL,NULL,'\0',21,NULL),('4028817a3420e78a013421e2e3c1001b','4028817a3420e78a013421a693730001','7',NULL,NULL,NULL,'8708','cd89d279-e040-4647-a89f-59bfee1d6db9.png','怪虫小碗，喷紫色，喷漆，喷珠光\r\n \r\n尺寸：18X9CM高\r\n4只/内盒        8只/大箱\r\n白纸，瓦楞纸，气泡纸','4/8','PCS',600,600,'','6.50','4.50',NULL,'39.00','20.00','20.00',NULL,NULL,'6.50','3900.00',NULL,75,'1.29',NULL,NULL,NULL,NULL,NULL,NULL,'\0',25,NULL),('4028817a3420e78a013421e2e3c1001c','4028817a3420e78a013421a693730001','2',NULL,NULL,NULL,'843MA','6b4da997-ad8c-4101-90cb-1c554c356bb1.png','全明料喇叭底糖缸，带盖子	\r\n盖子：10CMX10.3CM高 壁厚3MM	\r\n身子：11.2X31.7CM(全高） 底径12CM	\r\n壁厚不小于3MM  重量不低于950克	\r\n1只/上下保利龙垫/内盒   4只/大箱	\r\n保利龙垫工厂提供	\r\n此数量出自订单C/3908/11','1/4','PCS',600,600,'','6.00','4.00',NULL,'48.00','47.00','46.00',NULL,NULL,'16.00','9600.00',NULL,150,'3.29',NULL,NULL,NULL,NULL,NULL,NULL,'\0',23,NULL),('4028817a3420e78a013421e2e3c1001d','4028817a3420e78a013421a693730001','2',NULL,NULL,NULL,'844MA','19dd24a2-4eb2-4273-a46a-229d28aeee85.png','全明料糖缸带盖子\r\n盖子：9.3X13.3CM高 壁厚3MM\r\n身子：10.5X28.4CM(全高)\r\n底径：13CM   壁厚不小于3MM\r\n1只/上下保利龙垫/内盒 4只/大箱\r\n保利龙垫工厂供\r\n此单数量出自C/3908/11','1/4','PCS',600,600,'','6.00','4.00',NULL,'47.00','46.00','46.00',NULL,NULL,'16.00','9600.00',NULL,150,'3.29',NULL,NULL,NULL,NULL,NULL,NULL,'\0',24,NULL),('4028817a3420e78a013421e53b8c001e','4028817a3420e78a013421a693730001','2',NULL,NULL,NULL,'9868','6bf2fdf5-6d7e-4147-b40c-6eddf95abcd8.png','全明料喇叭底糖缸配盖子\r\n尺寸：5-1/4\"X17\"H\r\n1只/上中下泡沫垫/内盒 2只/大箱\r\n保利龙垫工厂供\r\n从数量出自订单C/3908/11','1/2','PCS',600,600,'','4.00','2.00',NULL,'44.00','22.00','43.00',NULL,NULL,'16.00','9600.00',NULL,300,'3.15',NULL,NULL,NULL,NULL,NULL,NULL,'\0',29,NULL);

/*Table structure for table `contract_product_his_c` */

DROP TABLE IF EXISTS `contract_product_his_c`;

CREATE TABLE `contract_product_his_c` (
  `CONTRACT_PRODUCT_ID` varchar(40) NOT NULL,
  `CONTRACT_ID` varchar(40) default NULL,
  `FACTORY_ID` varchar(40) default NULL,
  `EXPORT_LIST_ID` varchar(40) default NULL,
  `INVOICE_ID` varchar(40) default NULL,
  `PRODUCT_NAME` varchar(200) default NULL,
  `PRODUCT_NO` varchar(50) default NULL,
  `PRODUCT_IMAGE` varchar(200) default NULL,
  `PRODUCT_DESC` varchar(600) default NULL,
  `LOADING_RATE` varchar(30) default NULL COMMENT 'x/y',
  `PACKING_UNIT` varchar(10) default NULL COMMENT 'PCS/SETS',
  `CNUMBER` int(11) default NULL,
  `OUT_NUMBER` int(11) default NULL,
  `FINISHED` bit(1) default NULL,
  `GROSS_WEIGHT` decimal(10,2) default NULL,
  `NET_WEIGHT` decimal(10,2) default NULL,
  `CSIZE` varchar(20) default NULL,
  `SIZE_LENGTH` decimal(10,2) default NULL,
  `SIZE_WIDTH` decimal(10,2) default NULL,
  `SIZE_HEIGHT` decimal(10,2) default NULL,
  `PRODUCT_REQUEST` varchar(2000) default NULL,
  `FACTORY_NAME` varchar(200) default NULL,
  `PRICE` decimal(10,2) default NULL,
  `AMOUNT` decimal(10,2) default NULL COMMENT '自动计算: 数量x单价',
  `CUNIT` varchar(10) default NULL,
  `BOX_NUM` int(11) default NULL,
  `EX_PRICE` decimal(10,2) default NULL,
  `EX_AMOUNT` decimal(10,2) default NULL,
  `EX_UNIT` varchar(10) default NULL COMMENT '$/￥',
  `NO_TAX` decimal(10,2) default NULL COMMENT '收购单价',
  `TAX` decimal(10,2) default NULL COMMENT '收购单价',
  `COST_PRICE` decimal(10,2) default NULL COMMENT '自动计算=数量x含税/1.17标准值',
  `COST_TAX` decimal(10,2) default NULL COMMENT '自动计算=数量x含税-收购成本金额',
  `ACCESSORIES` bit(1) default NULL,
  `ORDER_NO` int(11) default NULL,
  `EXTS` varchar(50) default NULL,
  PRIMARY KEY  (`CONTRACT_PRODUCT_ID`)
) ENGINE=InnoDB DEFAULT CHARSET=utf8;

/*Data for the table `contract_product_his_c` */

insert  into `contract_product_his_c`(`CONTRACT_PRODUCT_ID`,`CONTRACT_ID`,`FACTORY_ID`,`EXPORT_LIST_ID`,`INVOICE_ID`,`PRODUCT_NAME`,`PRODUCT_NO`,`PRODUCT_IMAGE`,`PRODUCT_DESC`,`LOADING_RATE`,`PACKING_UNIT`,`CNUMBER`,`OUT_NUMBER`,`FINISHED`,`GROSS_WEIGHT`,`NET_WEIGHT`,`CSIZE`,`SIZE_LENGTH`,`SIZE_WIDTH`,`SIZE_HEIGHT`,`PRODUCT_REQUEST`,`FACTORY_NAME`,`PRICE`,`AMOUNT`,`CUNIT`,`BOX_NUM`,`EX_PRICE`,`EX_AMOUNT`,`EX_UNIT`,`NO_TAX`,`TAX`,`COST_PRICE`,`COST_TAX`,`ACCESSORIES`,`ORDER_NO`,`EXTS`) values ('4028817a3357462e01336cc0879b0011','4028817a3357462e01336cc0877b0010','3',NULL,NULL,NULL,'JK1700011','05702b8f-6bda-4bca-9c4d-f15c18f279eb.png','全明料方形黄油缸\r\n尺寸：罩子：7.3X8CM高   盘：6X5CM\r\n1只/内盒       6只/中盒       24只/大箱','24','SETS',504,0,'\0',NULL,NULL,NULL,NULL,NULL,NULL,NULL,NULL,'4.60','2318.40',NULL,21,NULL,NULL,NULL,NULL,NULL,NULL,NULL,'\0',1,NULL),('4028817a33812ffd0133813f25a30002','4028817a33812ffd0133813f25940001','4',NULL,NULL,NULL,'4993','3feb6071-7835-48b6-beca-e54202221c3b.png','全明料死模风灯，电镀花银喷绿色 \r\n明料挺底\r\n尺寸：11.5X20.3CM\r\n1只/五层内盒      12只/大箱\r\n电镀喷色我司安排','1/12','PCS',300,0,'\0',NULL,NULL,NULL,NULL,NULL,NULL,NULL,NULL,'8.50','2550.00',NULL,25,NULL,NULL,NULL,NULL,NULL,NULL,NULL,'\0',1,NULL),('4028817a33812ffd0133813f25a30003','4028817a33812ffd0133813f25940001','4',NULL,NULL,NULL,'4994','56ada31d-acfc-4261-b28d-8be65ba2a21e.png','全明料死模风灯，电镀花银喷蓝色\r\n明料挺底\r\n尺寸：11.5X20.3CM\r\n1只/五层内盒     12只/大箱\r\n电镀喷色我司安排','1/12','PCS',300,0,'\0',NULL,NULL,NULL,NULL,NULL,NULL,NULL,NULL,'8.50','2550.00',NULL,25,NULL,NULL,NULL,NULL,NULL,NULL,NULL,'\0',2,NULL),('4028817a33812ffd0133813f25a30004','4028817a33812ffd0133813f25940001','4',NULL,NULL,NULL,'4995','9eb0c66c-d682-4f19-b89a-1a4808da5456.png','全明料死模风灯，电镀花银喷紫色\r\n明料挺底\r\n尺寸：11.5X20.3CM\r\n1只/五层内盒      12只/大箱\r\n电镀喷色我司安排','1/12','PCS',300,0,'\0',NULL,NULL,NULL,NULL,NULL,NULL,NULL,NULL,'8.50','2550.00',NULL,25,NULL,NULL,NULL,NULL,NULL,NULL,NULL,'\0',3,NULL),('4028817a33812ffd0133816aacc40005','4028817a33812ffd0133813f25940001','2',NULL,NULL,NULL,'9868','ba10c6b0-34b7-4911-a45c-cc282cf8072d.png','全明料喇叭底糖缸配盖子\r\n尺寸：16X40CM高\r\n1只/上中下泡沫垫/内盒  2只/大箱\r\n泡沫垫工厂供，入内盒\r\n大箱用胶带纸工字封口','1/2','PCS',600,0,'\0',NULL,NULL,NULL,NULL,NULL,NULL,NULL,NULL,'16.00','9600.00',NULL,300,NULL,NULL,NULL,NULL,NULL,NULL,NULL,'\0',27,NULL),('4028817a33812ffd0133816aacc40006','4028817a33812ffd0133813f25940001','7',NULL,NULL,NULL,'5099','d38c8874-e641-4c59-9f6d-eb07df231d44.png','全明料钻石蛋糕盘粘底座\r\n喷蓝色，喷漆\r\n尺寸：23X11.5CM高\r\n1只/五层内盒     4只/大箱','1/4','PCS',300,0,'\0',NULL,NULL,NULL,NULL,NULL,NULL,NULL,NULL,'11.00','3300.00',NULL,75,NULL,NULL,NULL,NULL,NULL,NULL,NULL,'\0',9,NULL),('4028817a33812ffd0133816aacc40007','4028817a33812ffd0133813f25940001','4028817a33d4f8b40133d9989f5e0024',NULL,NULL,NULL,'5094','662d9320-a8b7-4957-8d73-e4560e12e0e7.png','全明料冰花风灯，粘电镀底座  \r\n尺寸：15.8X32CM高\r\n1只/五层内盒     6只/五层大箱','1/6','PCS',300,0,'\0',NULL,NULL,NULL,NULL,NULL,NULL,NULL,NULL,'14.50','4350.00',NULL,50,NULL,NULL,NULL,NULL,NULL,NULL,NULL,'\0',7,NULL),('4028817a33812ffd0133816aacc40008','4028817a33812ffd0133813f25940001','2',NULL,NULL,NULL,'5189','a2a503a3-f0cd-49b4-b05c-8ea55ecbe2bf.png','全明料竖棱风灯，粘电镀底座\r\n底座由我司提供\r\n尺寸：20X35CM高\r\n1只/上下泡沫垫/内盒  4只/大箱\r\n保利龙垫工厂供','1/4','PCS',300,0,'\0',NULL,NULL,NULL,NULL,NULL,NULL,NULL,NULL,'14.00','4200.00',NULL,75,NULL,NULL,NULL,NULL,NULL,NULL,NULL,'\0',12,NULL),('4028817a33812ffd0133816aacc40009','4028817a33812ffd0133813f25940001','4',NULL,NULL,NULL,'5331','1b211d97-1def-49c6-90a8-8097bbd07f68.png','全明料死模风灯，电镀花银喷绿色\r\n\r\n尺寸：17X23CM高\r\n1只/五层内盒      6只/大箱\r\n电镀喷色我司安排','1/6','PCS',300,0,'\0',NULL,NULL,NULL,NULL,NULL,NULL,NULL,NULL,'11.50','3450.00',NULL,50,NULL,NULL,NULL,NULL,NULL,NULL,NULL,'\0',13,NULL),('4028817a33812ffd0133816aacc4000a','4028817a33812ffd0133813f25940001','4028817a33d4f8b40133d9989f5e0024',NULL,NULL,NULL,'5095','7b5d7395-40b4-45ad-9c42-c7050e232448.png','全明料冰花风灯，粘明料底座 \r\n尺寸：15.8X32CM高\r\n1只/五层内盒    6只/五层大箱','1/6','PCS',300,0,'\0',NULL,NULL,NULL,NULL,NULL,NULL,NULL,NULL,'14.00','4200.00',NULL,50,NULL,NULL,NULL,NULL,NULL,NULL,NULL,'\0',8,NULL),('4028817a33812ffd0133816aacd4000b','4028817a33812ffd0133813f25940001','2',NULL,NULL,NULL,'843MA','c0229e90-0a5b-438d-8b07-4acd238b142b.png','全明料喇叭底糖缸，带盖子	\r\n盖子：10CMX10.3CM高 壁厚3MM	\r\n身子：11.2X31.7CM(全高） 底径12CM	\r\n壁厚不小于3MM  重量：950克	\r\n1只/上下保利龙垫/内盒   4只/大箱	\r\n保利龙垫工厂提供	\r\n大箱用胶带纸工字封口','1/4','PCS',600,0,'\0',NULL,NULL,NULL,NULL,NULL,NULL,NULL,NULL,'16.00','9600.00',NULL,150,NULL,NULL,NULL,NULL,NULL,NULL,NULL,'\0',21,NULL),('4028817a33812ffd0133816aacd4000c','4028817a33812ffd0133813f25940001','4',NULL,NULL,NULL,'4997','0fdad1e1-452c-4ae4-a354-49688bd41778.png','全明料死模风灯，电镀花银喷蓝色	\r\n明料挺底	\r\n尺寸：11.5X30.5CM	\r\n1只/五层内盒      6只/大箱	\r\n电镀喷色我司安排','1/6','PCS',300,0,'\0',NULL,NULL,NULL,NULL,NULL,NULL,NULL,NULL,'10.50','3150.00',NULL,50,NULL,NULL,NULL,NULL,NULL,NULL,NULL,'\0',5,NULL),('4028817a33812ffd0133816aacd4000d','4028817a33812ffd0133813f25940001','4',NULL,NULL,NULL,'4996','7ae6c20e-0f57-4fab-9e40-22d1a486e943.png','全明料死模风灯，电镀花银喷绿色\r\n明料挺底\r\n尺寸：11.5X30.5CM高\r\n1只/五层内盒      6只/大箱\r\n电镀喷色我司安排','1/6','PCS',300,0,'\0',NULL,NULL,NULL,NULL,NULL,NULL,NULL,NULL,'10.50','3150.00',NULL,50,NULL,NULL,NULL,NULL,NULL,NULL,NULL,'\0',4,NULL),('4028817a33812ffd0133816aacd4000e','4028817a33812ffd0133813f25940001','2',NULL,NULL,NULL,'600MA','958fe4fb-db40-4977-bf2e-2c2db29d65f3.png','全明料蛋糕盘+罩子,磨口抛光\r\n蛋糕罩子尺寸：17.5X15.5CM高\r\n蛋糕盘子尺寸：19.2X18CM高\r\n1只/上下保利龙垫/内盒   4只/大箱\r\n保丽龙垫工厂提供，大箱用胶带纸工字封口','1/4','SETS',600,0,'\0',NULL,NULL,NULL,NULL,NULL,NULL,NULL,NULL,'18.00','10800.00',NULL,150,NULL,NULL,NULL,NULL,NULL,NULL,NULL,'\0',17,NULL),('4028817a33812ffd0133816aacd4000f','4028817a33812ffd0133813f25940001','2',NULL,NULL,NULL,'602MA','624ab3d2-12f3-4dd8-b438-c03a3018b170.png','全明平光蛋糕盘+罩子,磨口抛光\r\n蛋糕罩子尺寸：17.5X15.5CM高\r\n蛋糕盘子尺寸：19.2X28CM高\r\n1只/上下保利龙垫/内盒  2只/大箱\r\n保利龙垫工厂提供\r\n大箱用胶带纸工字封口','1/2','SETS',600,0,'\0',NULL,NULL,NULL,NULL,NULL,NULL,NULL,NULL,'19.00','11400.00',NULL,300,NULL,NULL,NULL,NULL,NULL,NULL,NULL,'\0',18,NULL),('4028817a33812ffd0133816aacd40010','4028817a33812ffd0133813f25940001','2',NULL,NULL,NULL,'8759','f92f57f8-65de-42be-9814-bad100059d23.png','全明料竖棱糖缸配盖子\r\n尺寸：16.5X40CM高\r\n1只/上中下泡沫垫/内盒  2只/大箱\r\n\r\n泡沫垫工厂供，大箱用胶带工字封口','1/2','PCS',600,0,'\0',NULL,NULL,NULL,NULL,NULL,NULL,NULL,NULL,'15.00','9000.00',NULL,300,NULL,NULL,NULL,NULL,NULL,NULL,NULL,'\0',25,NULL),('4028817a33812ffd0133816aacd40011','4028817a33812ffd0133813f25940001','2',NULL,NULL,NULL,'6998','3be8121c-867d-4745-bebf-3844e6a05589.png','全明料蛋糕盘+蛋糕罩 \r\n盘子沿电镀，罩子上珠描白金。\r\n尺寸：6-1/2\" X 12-1/2\" CM H\r\n1只/上中下泡沫垫/内盒  4只/大箱\r\n产品用中上下泡沫垫包装入内盒，\r\n大箱用胶带纸工字封口。电镀我司安排，泡沫垫工厂提供。\r\n盘子请于12月25日送祁县喜福来厂电镀','1/4','SETS',300,0,'\0',NULL,NULL,NULL,NULL,NULL,NULL,NULL,NULL,'19.00','5700.00',NULL,75,NULL,NULL,NULL,NULL,NULL,NULL,NULL,'\0',20,NULL),('4028817a33812ffd0133816aacd40012','4028817a33812ffd0133813f25940001','2',NULL,NULL,NULL,'5118','635cdf31-8e48-45f3-886c-5fffd532175b.png','全明料蛋糕盘+罩子\r\n罩子上烤白金字母花纸（SWEETS)\r\n盘子口径16.4CM\r\n罩子尺寸：15X13CM  全高：26.7CM\r\n1套/上下保利龙垫/五层内盒 4套/大箱\r\n花纸我司供，保利龙垫工厂供','1/4','SETS',300,0,'\0',NULL,NULL,NULL,NULL,NULL,NULL,NULL,NULL,'16.00','4800.00',NULL,75,NULL,NULL,NULL,NULL,NULL,NULL,NULL,'\0',11,NULL),('4028817a33812ffd0133816aacd40013','4028817a33812ffd0133813f25940001','7',NULL,NULL,NULL,'8708','39b3ac6f-fb30-4b37-8fff-a07fb88aef15.png','怪虫小碗，喷紫色，喷漆，喷珠光\r\n尺寸：18CX9CM高\r\n4只/内盒           8只/大箱 \r\n白纸，瓦楞纸包裹','1/8','PCS',600,0,'\0',NULL,NULL,NULL,NULL,NULL,NULL,NULL,NULL,'6.50','3900.00',NULL,75,NULL,NULL,NULL,NULL,NULL,NULL,NULL,'\0',23,NULL),('4028817a33812ffd0133816aacd40014','4028817a33812ffd0133813f25940001','4',NULL,NULL,NULL,'5336','466ba3d1-94b5-44ca-92c9-98631bf3b92b.png','全明料死模风灯，电镀花银喷绿色	\r\n 	\r\n尺寸：14.5X20CM高	\r\n1只/五层内盒      12只/大箱	\r\n电镀喷色我司安排','1/12','PCS',300,0,'\0',NULL,NULL,NULL,NULL,NULL,NULL,NULL,NULL,'8.00','2400.00',NULL,25,NULL,NULL,NULL,NULL,NULL,NULL,NULL,'\0',14,NULL),('4028817a33812ffd0133816aacd40015','4028817a33812ffd0133813f25940001','4',NULL,NULL,NULL,'5337','78ff069b-327e-488e-a629-b76bed0efb98.png','全明料死模风灯，电镀花银喷蓝色\r\n\r\n尺寸：14.5X20CM高\r\n1只/五层内盒      12只/大箱\r\n电镀喷色我司安排','1/12','PCS',300,0,'\0',NULL,NULL,NULL,NULL,NULL,NULL,NULL,NULL,'8.00','2400.00',NULL,25,NULL,NULL,NULL,NULL,NULL,NULL,NULL,'\0',15,NULL),('4028817a33812ffd0133816aacd40016','4028817a33812ffd0133813f25940001','2',NULL,NULL,NULL,'603MA','ea12f8ba-afc1-4651-bc10-432c85fcb091.png','全明平光蛋糕盘+罩子,磨口抛光\r\n蛋糕罩子尺寸：17.5X15.5CM高\r\n蛋糕盘子尺寸：19.2X38CM高\r\n此单数量出自C/1440/11\r\n1只/上下保利龙垫/内盒  2只/大箱\r\n保丽龙垫工厂提供，大箱用胶带纸工字封口','1/2','SETS',600,0,'\0',NULL,NULL,NULL,NULL,NULL,NULL,NULL,NULL,'20.00','12000.00',NULL,300,NULL,NULL,NULL,NULL,NULL,NULL,NULL,'\0',19,NULL),('4028817a33812ffd0133816aacd40017','4028817a33812ffd0133813f25940001','2',NULL,NULL,NULL,'5117','4f7fdc19-c276-47da-aced-5cec4e02be08.png','全明料蛋糕盘+罩子\r\n罩上烤白金字母花纸（SWEETS)\r\n罩子尺寸：15X13CM高\r\n盘子尺寸：16.4X27CM高\r\n1套/上下保利龙垫/五层内盒\r\n4套/大箱\r\n花纸我司供','1/4','SETS',300,0,'\0',NULL,NULL,NULL,NULL,NULL,NULL,NULL,NULL,'17.00','5100.00',NULL,75,NULL,NULL,NULL,NULL,NULL,NULL,NULL,'\0',10,NULL),('4028817a33812ffd0133816aacd40018','4028817a33812ffd0133813f25940001','4',NULL,NULL,NULL,'5400','3b810117-19c6-446e-886f-d3b2fd5ba411.png','全明料死模风灯，电镀花银喷蓝色\r\n \r\n尺寸：17X23CM高\r\n1只/五层内盒      6只/大箱\r\n电镀喷色我司安排','1/6','PCS',300,0,'\0',NULL,NULL,NULL,NULL,NULL,NULL,NULL,NULL,'11.50','3450.00',NULL,50,NULL,NULL,NULL,NULL,NULL,NULL,NULL,'\0',16,NULL),('4028817a33812ffd0133816aacd40019','4028817a33812ffd0133813f25940001','4',NULL,NULL,NULL,'4998','0c400655-fb24-4781-aae1-eaa30e31ad4c.png','全明料死模风灯，电镀花银喷紫色\r\n明料挺底\r\n尺寸：11.5X30.5CM\r\n1只/五层内盒      6只/大箱\r\n电镀喷色我司安排','1/6','PCS',300,0,'\0',NULL,NULL,NULL,NULL,NULL,NULL,NULL,NULL,'10.50','3150.00',NULL,50,NULL,NULL,NULL,NULL,NULL,NULL,NULL,'\0',6,NULL),('4028817a33812ffd0133816aacd4001a','4028817a33812ffd0133813f25940001','2',NULL,NULL,NULL,'8760','2aaba753-e5d2-4c42-badf-cc16acf81d2b.png','全明料竖棱糖缸配盖子\r\n尺寸：16.5X51CM高\r\n\r\n1只/上中下泡沫垫/内盒  2只/大箱\r\n泡沫垫工厂供，大箱用胶带工字封口','1/2','PCS',600,0,'\0',NULL,NULL,NULL,NULL,NULL,NULL,NULL,NULL,'16.00','9600.00',NULL,300,NULL,NULL,NULL,NULL,NULL,NULL,NULL,'\0',26,NULL),('4028817a33812ffd0133816aacd4001b','4028817a33812ffd0133813f25940001','2',NULL,NULL,NULL,'844MA','6f6f097f-ae83-4ecb-80c6-ec1e93353985.png','全明料糖缸带盖子\r\n盖子：9.3X13.3CM高 壁厚3MM\r\n身子：10.5X28.4CM(全高)\r\n底径：13CM   壁厚不小于3MM\r\n1只/上下保利龙垫/内盒 4只/大箱\r\n保利龙垫工厂提供，大箱用胶带纸工字封口','1/4','PCS',600,0,'\0',NULL,NULL,NULL,NULL,NULL,NULL,NULL,NULL,'16.00','9600.00',NULL,150,NULL,NULL,NULL,NULL,NULL,NULL,NULL,'\0',22,NULL),('4028817a33812ffd0133816aacd4001c','4028817a33812ffd0133813f25940001','2',NULL,NULL,NULL,'9869','be81bc6b-610b-45fa-bb8b-5156d8de9d52.png','全明料喇叭底糖缸配盖子\r\n尺寸：19X40CM高\r\n1只/上中下泡沫垫/内盒  2只/大箱\r\n泡沫垫工厂供， \r\n大箱用胶带纸工字封口','1/2','PCS',600,0,'\0',NULL,NULL,NULL,NULL,NULL,NULL,NULL,NULL,'16.00','9600.00',NULL,300,NULL,NULL,NULL,NULL,NULL,NULL,NULL,'\0',28,NULL),('4028817a33812ffd0133816aacd4001d','4028817a33812ffd0133813f25940001','7',NULL,NULL,NULL,'8709','d33ee976-4d35-4990-ae41-eebee8989f5a.png','怪虫小碗，喷蓝色，喷漆，喷珠光\r\n尺寸：18CMX9CM高\r\n4只/内盒          8只/大箱','1/8','PCS',600,0,'\0',NULL,NULL,NULL,NULL,NULL,NULL,NULL,NULL,'6.50','3900.00',NULL,75,NULL,NULL,NULL,NULL,NULL,NULL,NULL,'\0',24,NULL),('4028817a33fc4e280133fdb370c00034','4028817a33812ffd0133813f25940001','7',NULL,NULL,NULL,'9749','','怪虫小碗喷绿色，喷漆，喷珠光\r\n尺寸：18X9CM高\r\n4只/内盒             8只/大箱','4/8','PCS',304,0,'\0',NULL,NULL,NULL,NULL,NULL,NULL,NULL,NULL,'6.50','1976.00',NULL,38,NULL,NULL,NULL,NULL,NULL,NULL,NULL,'\0',29,NULL),('4028817a33fc4e280133fdb370cf0035','4028817a33812ffd0133813f25940001','7',NULL,NULL,NULL,'9749','','怪虫小碗喷绿色，喷漆，喷珠光\r\n尺寸：18X9CM高\r\n4只/内盒             8只/大箱','4/8','PCS',304,0,'\0',NULL,NULL,NULL,NULL,NULL,NULL,NULL,NULL,'6.50','1976.00',NULL,38,NULL,NULL,NULL,NULL,NULL,NULL,NULL,'\0',30,NULL),('4028817a33fc4e280133fdb370df0036','4028817a33812ffd0133813f25940001','7',NULL,NULL,NULL,'9749','','怪虫小碗喷绿色，喷漆，喷珠光\r\n尺寸：18X9CM高\r\n4只/内盒             8只/大箱','4/8','PCS',304,0,'\0',NULL,NULL,NULL,NULL,NULL,NULL,NULL,NULL,'6.50','1976.00',NULL,38,NULL,NULL,NULL,NULL,NULL,NULL,NULL,'\0',31,NULL),('4028817a353b8d8e01353d15008d0047','4028817a353b8d8e01353d15008d0046','4028817a33d4f8b40133d9989f5e0024',NULL,NULL,NULL,'5089','2c991b9e-a14b-4f37-a2ca-5e7d01cba021.jpg','全明料冰花风灯，电镀花银喷紫色。\r\n尺寸:12.5*20 CM H\r\n1只/五层内盒        6只/五层大箱\r\n产品用白纸，瓦楞纸，气泡纸包裹后入内盒，大箱，大箱用胶带纸工字封口。','1/6','PCS',204,204,'','7.00','5.00',NULL,'54.00','36.00','24.00',NULL,NULL,'13.00','2652.00',NULL,34,'2.50',NULL,NULL,NULL,NULL,NULL,NULL,'\0',3,NULL),('4028817a353b8d8e01353d15008d0048','4028817a353b8d8e01353d15008d0046','4028817a33d4f8b40133d9989f5e0024',NULL,NULL,NULL,'5094','7ae1ccaa-426b-4476-bc6a-28258d735fbd.jpg','全明料冰花风灯，粘电镀底座  	\r\n尺寸：15.8X32CM高		\r\n1只/五层内盒     6只/五层大箱\r\n产品用白纸，瓦楞纸，气泡纸包裹后入内盒，大箱，大箱用胶带纸工字封口。','1/6','PCS',150,150,'','7.00','5.00',NULL,'54.00','36.00','37.00',NULL,NULL,'14.50','2175.00',NULL,25,'2.80',NULL,NULL,NULL,NULL,NULL,NULL,'\0',7,NULL),('4028817a353b8d8e01353d15008d0049','4028817a353b8d8e01353d15008d0046','4028817a33d4f8b40133d9989f5e0024',NULL,NULL,NULL,'5093','796ec9af-d6bb-4511-a6c6-6d75bcc1f2e3.jpg','全明料冰花风灯粘电镀底座， 	\r\n喷紫色，全喷，内电镀花银	\r\n尺寸：15.8X32CM高		\r\n1只/五层内盒     6只/五层大箱\r\n产品用白纸，瓦楞纸，气泡纸包裹后入内盒，大箱，大箱用胶带纸工字封口。','1/6','PCS',102,102,'','7.00','5.00',NULL,'54.00','36.00','37.00',NULL,NULL,'16.00','1632.00',NULL,17,'3.10',NULL,NULL,NULL,NULL,NULL,NULL,'\0',6,NULL),('4028817a353b8d8e01353d15008d004a','4028817a353b8d8e01353d15008d0046','7',NULL,NULL,NULL,'5099','9586c248-7796-4f99-b648-f913e65250f3.jpg','全明料钻石蛋糕盘粘底座	\r\n喷蓝色，喷漆,喷珠光		\r\n尺寸：23X11.5CM高		\r\n1只/五层内盒      4只/大箱\r\n产品用白纸，瓦楞纸，气泡纸包裹后入内盒，大箱，大箱用胶带纸工字封口。','1/4','PCS',152,152,'','5.50','3.50',NULL,'50.00','26.00','28.00',NULL,NULL,'11.00','1672.00',NULL,38,'2.10',NULL,NULL,NULL,NULL,NULL,NULL,'\0',10,NULL),('4028817a353b8d8e01353d15008d004b','4028817a353b8d8e01353d15008d0046','7',NULL,NULL,NULL,'5098','bb0e509f-ccb0-44f4-8320-df18ff6ac880.jpg','全明料钻石蛋糕盘粘底座	\r\n喷紫色，喷漆,喷珠光		\r\n尺寸：23X11.5CM高		\r\n1只/五层内盒      4只/大箱\r\n产品用白纸，瓦楞纸，气泡纸包裹后入内盒，大箱，大箱用胶带纸工字封口。','1/4','PCS',152,152,'','5.50','3.50',NULL,'50.00','26.00','28.00',NULL,NULL,'11.00','1672.00',NULL,38,'2.10',NULL,NULL,NULL,NULL,NULL,NULL,'\0',9,NULL),('4028817a353b8d8e01353d15008d004c','4028817a353b8d8e01353d15008d0046','4028817a33d4f8b40133d9989f5e0024',NULL,NULL,NULL,'5090','2ec05114-5c74-4211-b254-4d979218c05e.jpg','全明料冰花风灯粘电镀底座， 	\r\n喷蓝色，全喷，内电镀花银	\r\n尺寸：15.8X32CM高		\r\n1只/五层内盒     6只/五层大箱\r\n产品用白纸，瓦楞纸，气泡纸包裹后入内盒，大箱，大箱用胶带纸工字封口。','1/6','PCS',102,102,'','7.00','5.00',NULL,'54.00','36.00','37.00',NULL,NULL,'16.00','1632.00',NULL,17,'3.10',NULL,NULL,NULL,NULL,NULL,NULL,'\0',4,NULL),('4028817a353b8d8e01353d15008d004d','4028817a353b8d8e01353d15008d0046','4028817a33d4f8b40133d9989f5e0024',NULL,NULL,NULL,'5088','9488192b-fb0f-4aa5-9e29-86de71d05675.jpg','全明料冰花风灯，电镀花银喷蓝色。\r\n尺寸:12.5*20 CM H\r\n1只/五层内盒        6只/五层大箱\r\n产品用白纸，瓦楞纸，气泡纸包裹后入内盒，大箱，大箱用胶带纸工字封口。','1/6','PCS',204,204,'','7.00','5.00',NULL,'54.00','36.00','24.00',NULL,NULL,'13.00','2652.00',NULL,34,'2.50',NULL,NULL,NULL,NULL,NULL,NULL,'\0',2,NULL),('4028817a353b8d8e01353d15008d004e','4028817a353b8d8e01353d15008d0046','4028817a33d4f8b40133d9989f5e0024',NULL,NULL,NULL,'5092','289d254d-0f0d-4671-9376-d04cc36540d2.jpg','全明料冰花风灯粘电镀底座， 	\r\n喷绿色，全喷，内电镀花银	\r\n尺寸：15.8X32CM高		\r\n1只/五层内盒     6只/五层大箱\r\n产品用白纸，瓦楞纸，气泡纸包裹后入内盒，大箱，大箱用胶带纸工字封口。','1/6','PCS',102,102,'','7.00','5.00',NULL,'54.00','36.00','37.00',NULL,NULL,'16.00','1632.00',NULL,17,'3.10',NULL,NULL,NULL,NULL,NULL,NULL,'\0',5,NULL),('4028817a353b8d8e01353d15008d004f','4028817a353b8d8e01353d15008d0046','4028817a33d4f8b40133d9989f5e0024',NULL,NULL,NULL,'5095','01349ede-bef9-4168-a346-e109e3111773.jpg','全明料冰花风灯，粘明料底座 	\r\n尺寸：15.8X32CM高		\r\n1只/五层内盒    6只/五层大箱\r\n产品用白纸，瓦楞纸，气泡纸包裹后入内盒，大箱，大箱用胶带纸工字封口。','1/6','PCS',150,150,'','7.00','5.00',NULL,'54.00','36.00','37.00',NULL,NULL,'14.00','2100.00',NULL,25,'2.80',NULL,NULL,NULL,NULL,NULL,NULL,'\0',8,NULL),('4028817a353b8d8e01353d15008d0050','4028817a353b8d8e01353d15008d0046','4028817a33d4f8b40133d9989f5e0024',NULL,NULL,NULL,'5086','3c77a543-f2f2-4cf3-b173-8ef1d1a1f8be.jpg','全明料冰花风灯，电镀花银喷绿色。\r\n尺寸:12.5*20 CM H\r\n1只/五层内盒        6只/五层大箱\r\n产品用白纸，瓦楞纸，气泡纸包裹后入内盒，大箱，大箱用胶带纸工字封口。','1/6','PCS',204,204,'','7.00','5.00',NULL,'54.00','36.00','24.00',NULL,NULL,'13.00','2652.00',NULL,34,'2.50',NULL,NULL,NULL,NULL,NULL,NULL,'\0',1,NULL),('4028817a353b8d8e01353d32350d0051','4028817a353b8d8e01353d15008d0046','2',NULL,NULL,NULL,'5117','aec0cd7f-795e-4c5f-b8c5-532b6479c4be.jpg','全明料蛋糕盘+罩子		\r\n罩上烤白金字母花纸（SWEETS)	\r\n罩子尺寸：15X13CM高		\r\n盘子尺寸：16.4X27CM高		\r\n1套/上下保利龙垫/五层内盒	\r\n4套/大箱			\r\n产品配套合适后用保丽龙垫包装，入内盒，大箱用胶带纸工字封口。\r\n花纸我司供，保利龙垫工厂供','1/4','SETS',100,100,'','6.00','4.00',NULL,'42.00','42.00','37.50',NULL,NULL,'17.00','1700.00',NULL,25,'3.85',NULL,NULL,NULL,NULL,NULL,NULL,'\0',11,NULL),('4028817a353b8d8e01353d32350d0052','4028817a353b8d8e01353d15008d0046','9',NULL,NULL,NULL,'5191','5a77aec3-1299-4b75-8ff4-5c7232d0a8c6.jpg','机压小鸟,表面要光滑		\r\n安全包装送祁县宏艺厂		\r\n请提供一定余量，以备损耗','1/2','PCS',100,100,'',NULL,NULL,NULL,NULL,NULL,NULL,NULL,NULL,'2.40','240.00',NULL,50,NULL,NULL,NULL,NULL,NULL,NULL,NULL,'\0',19,NULL),('4028817a353b8d8e01353d32350d0053','4028817a353b8d8e01353d15008d0046','7',NULL,NULL,NULL,'5144','91d36961-2e9e-44cc-94ed-44ab4d6a24e4.jpg','全明料钻石蛋糕盘粘底座	\r\n喷绿色，喷漆，喷珠光		\r\n尺寸：23X11.5CM高		\r\n1只/五层内盒      4只/大箱	\r\n产品用白纸，瓦楞纸，气泡纸包裹后入内盒，大箱，大箱用胶带纸工字封口。','1/4','PCS',152,152,'','5.50','3.50',NULL,'50.00','26.00','28.00',NULL,NULL,'11.00','1672.00',NULL,38,'2.10',NULL,NULL,NULL,NULL,NULL,NULL,'\0',13,NULL),('4028817a353b8d8e01353d32350d0054','4028817a353b8d8e01353d15008d0046','9',NULL,NULL,NULL,'5191','06191cc8-a932-4f7a-a951-eabbd4336f13.jpg','全明料钻石蛋糕盘粘底座	\r\n尺寸：29.5X11.5CM高		\r\n安全包装送祁县宏艺厂','1/2','PCS',100,100,'',NULL,NULL,NULL,NULL,NULL,NULL,NULL,NULL,'10.00','1000.00',NULL,50,NULL,NULL,NULL,NULL,NULL,NULL,NULL,'\0',18,NULL),('4028817a353b8d8e01353d32350d0055','4028817a353b8d8e01353d15008d0046','2',NULL,NULL,NULL,'5118','b76467e5-21b5-4102-8085-f0d14189e257.jpg','全明料蛋糕盘+罩子		\r\n罩子上烤白金字母花纸（SWEETS)	\r\n罩子尺寸：15X13CM 		\r\n盘子尺寸：16.4X16.5CM高\r\n全高：26.7CM		\r\n1套/上下保利龙垫/五层内盒   4套/大箱\r\n产品配套合适后用保丽龙垫包装，入内盒，大箱用胶带纸工字封口。	\r\n花纸我司供，保利龙垫工厂供','1/4','SETS',152,152,'','6.00','4.00',NULL,'42.00','42.00','27.00',NULL,NULL,'16.00','2432.00',NULL,38,'3.60',NULL,NULL,NULL,NULL,NULL,NULL,'\0',12,NULL),('4028817a353b8d8e01353d32350d0056','4028817a353b8d8e01353d15008d0046','9',NULL,NULL,NULL,'5190','9a6203d7-01b0-4ebe-bc08-d390b5ecd46a.jpg','机压小鸟,表面要光滑		\r\n安全包装送祁县宏艺厂		\r\n请提供一定余量，以备损耗','1/4','PCS',100,100,'',NULL,NULL,NULL,NULL,NULL,NULL,NULL,NULL,'2.40','240.00',NULL,25,NULL,NULL,NULL,NULL,NULL,NULL,NULL,'\0',16,NULL),('4028817a353b8d8e01353d32350d0057','4028817a353b8d8e01353d15008d0046','4',NULL,NULL,NULL,'5337','ecc411bc-b3ce-4175-9e96-17014661c601.jpg','全明料死模风灯，电镀花银喷蓝色	\r\n尺寸：14.5X20CM高		\r\n1只/五层内盒      12只/大箱	\r\n电镀喷色我司安排\r\n产品用白纸，瓦楞纸，气泡纸包裹后入内盒，大箱，大箱用胶带纸工字封口。','1/12','PCS',156,156,'','9.00','7.00',NULL,'54.00','36.00','49.00',NULL,NULL,'8.00','1248.00',NULL,13,'2.05',NULL,NULL,NULL,NULL,NULL,NULL,'\0',22,NULL),('4028817a353b8d8e01353d32350d0058','4028817a353b8d8e01353d15008d0046','9',NULL,NULL,NULL,'5190','9196fdca-db89-42a3-99d8-6a168479344c.jpg','全明料钻石蛋糕盘粘底座	\r\n尺寸：23X11.5CM高		\r\n安全包装送祁县宏艺厂','1/4','PCS',100,100,'',NULL,NULL,NULL,NULL,NULL,NULL,NULL,NULL,'8.50','850.00',NULL,25,NULL,NULL,NULL,NULL,NULL,NULL,NULL,'\0',15,NULL),('4028817a353b8d8e01353d32350d0059','4028817a353b8d8e01353d15008d0046','1',NULL,NULL,NULL,'5190','a3c28393-5d85-4ab5-8f9b-c10d8becf945.jpg','全明料平光蛋糕罩配钻石盘子	\r\n罩子上粘小鸟，小鸟和钻石盘我司供\r\n罩子尺寸：20X20.5CM高		\r\n1套/上下保利龙盖/内盒		\r\n4套/大箱			\r\n保利龙垫工厂供\r\n产品用保丽龙包装后入内盒，大箱，大箱用胶带纸工字封口。','1/4','PCS',100,100,'','8.00','6.00',NULL,'57.00','56.00','29.00',NULL,NULL,'22.00','2200.00',NULL,25,'6.40',NULL,NULL,NULL,NULL,NULL,NULL,'\0',14,NULL),('4028817a353b8d8e01353d32350d005a','4028817a353b8d8e01353d15008d0046','4',NULL,NULL,NULL,'5330','75849bf7-f9a2-4f74-853e-baefef078d93.jpg','全明料死模风灯，电镀花银喷紫色	\r\n尺寸：14.5X20CM高		\r\n1只/五层内盒      12只/大箱	\r\n电镀喷色我司安排\r\n产品用白纸，瓦楞纸，气泡纸包裹后入内盒，大箱，大箱用胶带纸工字封口。','1/12','PCS',156,156,'','9.00','7.00',NULL,'54.00','36.00','49.00',NULL,NULL,'8.00','1248.00',NULL,13,'2.05',NULL,NULL,NULL,NULL,NULL,NULL,'\0',20,NULL),('4028817a353b8d8e01353d32350d005b','4028817a353b8d8e01353d15008d0046','4',NULL,NULL,NULL,'5336','5fe32315-0fb6-4a84-bb82-61b27ef3a8e3.jpg','全明料死模风灯，电镀花银喷绿色	\r\n尺寸：14.5X20CM高		\r\n1只/五层内盒      12只/大箱	\r\n电镀喷色我司安排\r\n产品用白纸，瓦楞纸，气泡纸包裹后入内盒，大箱，大箱用胶带纸工字封口。','1/12','PCS',156,156,'','9.00','7.00',NULL,'54.00','36.00','49.00',NULL,NULL,'8.00','1248.00',NULL,13,'2.05',NULL,NULL,NULL,NULL,NULL,NULL,'\0',21,NULL),('4028817a353b8d8e01353d32353c005c','4028817a353b8d8e01353d15008d0046','1',NULL,NULL,NULL,'5191','135fbc3e-1c1d-4188-91e0-6a54cb0e2901.jpg','全明料平光蛋糕罩配钻石盘子	\r\n罩子上粘小鸟，小鸟和钻石盘我司供\r\n罩子尺寸：26X36CM高		\r\n1套/上下保利龙盖/内盒		\r\n2套/大箱			\r\n保利龙垫工厂供\r\n产品用保丽龙包装后入内盒，大箱，大箱用胶带纸工字封口。','1/2','PCS',100,100,'','6.50','4.50',NULL,'71.00','36.00','34.00',NULL,NULL,'32.00','3200.00',NULL,50,'8.55',NULL,NULL,NULL,NULL,NULL,NULL,'\0',17,NULL);

/*Table structure for table `export_c` */

DROP TABLE IF EXISTS `export_c`;

CREATE TABLE `export_c` (
  `EXPORT_ID` varchar(40) NOT NULL,
  `PACKING_LIST_ID` varchar(40) default NULL,
  `CONTRACT_ID` varchar(40) default NULL COMMENT '因为分次报运，废除此字段',
  `INPUT_DATE` datetime default NULL,
  `CONTRACT_IDS` varchar(200) default NULL COMMENT 'ID集合串\r\n            \r\n            x,y,z',
  `CUSTOMER_CONTRACT` varchar(200) default NULL COMMENT '客户的合同号,可选择多个合同',
  `LCNO` varchar(10) default NULL COMMENT 'L/C T/T',
  `CONSIGNEE` varchar(100) default NULL,
  `MARKS` varchar(1000) default NULL,
  `SHIPMENT_PORT` varchar(100) default NULL,
  `DESTINATION_PORT` varchar(100) default NULL,
  `TRANSPORT_MODE` varchar(10) default NULL COMMENT 'SEA/AIR',
  `PRICE_CONDITION` varchar(10) default NULL COMMENT 'FBO/CIF',
  `REMARK` varchar(100) default NULL,
  `BOX_NUM` int(11) default NULL,
  `CNUMBER` int(11) default NULL,
  `PACKING_UNIT` varchar(10) default NULL COMMENT 'PCS/SETS',
  `GROSS_WEIGHT` decimal(10,2) default NULL,
  `NET_WEIGHT` decimal(10,2) default NULL,
  `SIZE_LENGTH` decimal(10,2) default NULL,
  `SIZE_WIDTH` decimal(10,2) default NULL,
  `SIZE_HEIGHT` decimal(10,2) default NULL,
  `CSIZE` decimal(10,2) default NULL,
  `AMOUNT` decimal(10,2) default NULL COMMENT '自动计算: 数量x单价',
  `NO_TAX` decimal(10,2) default NULL COMMENT '收购单价',
  `TAX` decimal(10,2) default NULL COMMENT '收购单价',
  `COST_PRICE` decimal(10,2) default NULL COMMENT '自动计算=数量x含税/1.17标准值',
  `COST_TAX` decimal(10,2) default NULL COMMENT '自动计算=数量x含税-收购成本金额',
  `STATE` int(11) default NULL COMMENT '0-草稿 1-已上报 2-装箱 3-委托 4-发票 5-财务',
  `CREATE_BY` varchar(40) default NULL,
  `CREATE_DEPT` varchar(40) default NULL,
  `CREATE_TIME` datetime default NULL,
  PRIMARY KEY  (`EXPORT_ID`)
) ENGINE=InnoDB DEFAULT CHARSET=utf8;

/*Data for the table `export_c` */

insert  into `export_c`(`EXPORT_ID`,`PACKING_LIST_ID`,`CONTRACT_ID`,`INPUT_DATE`,`CONTRACT_IDS`,`CUSTOMER_CONTRACT`,`LCNO`,`CONSIGNEE`,`MARKS`,`SHIPMENT_PORT`,`DESTINATION_PORT`,`TRANSPORT_MODE`,`PRICE_CONDITION`,`REMARK`,`BOX_NUM`,`CNUMBER`,`PACKING_UNIT`,`GROSS_WEIGHT`,`NET_WEIGHT`,`SIZE_LENGTH`,`SIZE_WIDTH`,`SIZE_HEIGHT`,`CSIZE`,`AMOUNT`,`NO_TAX`,`TAX`,`COST_PRICE`,`COST_TAX`,`STATE`,`CREATE_BY`,`CREATE_DEPT`,`CREATE_TIME`) values ('156cf16e-b23f-4852-9a1b-e36677e9071a',NULL,NULL,'2014-08-18 00:00:00','4028817a3357462e0133591b86ec0002,4028817a3357462e01336cc0877b0010,4028817a3357462e01336d3a0be10014','C/3817/11 11JK1080 11JK1078','T/T','收货人及地','唛头','装运港',NULL,'SEA','价格条件','说明',NULL,NULL,NULL,NULL,NULL,NULL,NULL,NULL,NULL,NULL,NULL,NULL,NULL,NULL,2,NULL,NULL,NULL),('f69daeb5-984d-41cc-9fb6-d3887b64c96e',NULL,NULL,NULL,'4028817a3357462e0133591b86ec0002','C/3817/11',NULL,NULL,NULL,NULL,NULL,NULL,NULL,NULL,NULL,NULL,NULL,NULL,NULL,NULL,NULL,NULL,NULL,NULL,NULL,NULL,NULL,NULL,2,NULL,NULL,NULL);

/*Table structure for table `export_product_c` */

DROP TABLE IF EXISTS `export_product_c`;

CREATE TABLE `export_product_c` (
  `EXPORT_PRODUCT_ID` varchar(40) NOT NULL,
  `CONTRACT_PRODUCT_ID` varchar(40) default NULL COMMENT '标识从哪个合同货物而来',
  `EXPORT_ID` varchar(40) default NULL,
  `FACTORY_ID` varchar(40) default NULL,
  `CONTRACT_ID` varchar(40) default NULL,
  `CONTRACT_NO` varchar(20) default NULL,
  `PRODUCT_NAME` varchar(200) default NULL,
  `PRODUCT_NO` varchar(50) default NULL,
  `PRODUCT_IMAGE` varchar(200) default NULL,
  `PRODUCT_DESC` varchar(600) default NULL,
  `LOADING_RATE` varchar(30) default NULL COMMENT 'x/y',
  `PACKING_UNIT` varchar(10) default NULL COMMENT 'PCS/SETS',
  `CNUMBER` int(11) default NULL,
  `OUT_NUMBER` int(11) default NULL,
  `FINISHED` bit(1) default NULL,
  `GROSS_WEIGHT` decimal(10,2) default NULL,
  `NET_WEIGHT` decimal(10,2) default NULL,
  `SIZE_LENGTH` decimal(10,2) default NULL,
  `SIZE_WIDTH` decimal(10,2) default NULL,
  `SIZE_HEIGHT` decimal(10,2) default NULL,
  `PRODUCT_REQUEST` varchar(2000) default NULL,
  `FACTORY_NAME` varchar(200) default NULL,
  `PRICE` decimal(10,2) default NULL,
  `AMOUNT` decimal(10,2) default NULL COMMENT '自动计算: 数量x单价',
  `CUNIT` varchar(10) default NULL,
  `BOX_NUM` int(11) default NULL,
  `EX_PRICE` decimal(10,2) default NULL COMMENT 'sales confirmation 中的价格（手填）',
  `EX_UNIT` varchar(10) default NULL COMMENT '$/￥',
  `NO_TAX` decimal(10,2) default NULL COMMENT '空着,EXCEL手工填',
  `TAX` decimal(10,2) default NULL COMMENT '收购单价=合同单价',
  `COST_PRICE` decimal(10,2) default NULL COMMENT '自动计算=数量x含税/1.17标准值',
  `COST_TAX` decimal(10,2) default NULL COMMENT '自动计算=数量x含税-收购成本金额',
  `ACCESSORIES` bit(1) default NULL,
  `ORDER_NO` int(11) default NULL,
  PRIMARY KEY  (`EXPORT_PRODUCT_ID`)
) ENGINE=InnoDB DEFAULT CHARSET=utf8;

/*Data for the table `export_product_c` */

insert  into `export_product_c`(`EXPORT_PRODUCT_ID`,`CONTRACT_PRODUCT_ID`,`EXPORT_ID`,`FACTORY_ID`,`CONTRACT_ID`,`CONTRACT_NO`,`PRODUCT_NAME`,`PRODUCT_NO`,`PRODUCT_IMAGE`,`PRODUCT_DESC`,`LOADING_RATE`,`PACKING_UNIT`,`CNUMBER`,`OUT_NUMBER`,`FINISHED`,`GROSS_WEIGHT`,`NET_WEIGHT`,`SIZE_LENGTH`,`SIZE_WIDTH`,`SIZE_HEIGHT`,`PRODUCT_REQUEST`,`FACTORY_NAME`,`PRICE`,`AMOUNT`,`CUNIT`,`BOX_NUM`,`EX_PRICE`,`EX_UNIT`,`NO_TAX`,`TAX`,`COST_PRICE`,`COST_TAX`,`ACCESSORIES`,`ORDER_NO`) values ('0433963b-859b-4be4-808e-7fd403ba6195',NULL,'156cf16e-b23f-4852-9a1b-e36677e9071a',NULL,NULL,NULL,NULL,'JK1700011',NULL,'全明料方形黄油缸\r\n尺寸：罩子：7.3X8CM高   盘：6X5CM\r\n1只/内盒       6只/中盒       24只/大箱',NULL,'SETS',504,NULL,NULL,'1.00',NULL,NULL,NULL,NULL,NULL,'会龙','4.60','2318.40',NULL,NULL,NULL,NULL,NULL,NULL,NULL,NULL,NULL,NULL),('26a01be9-7d0d-475c-91a3-666aa4c10525',NULL,'156cf16e-b23f-4852-9a1b-e36677e9071a',NULL,NULL,NULL,NULL,'2977',NULL,'全明料圆肚糖缸带盖子\r\n尺寸：16X36CM高    底径：12CM\r\n最大径：22CM    重量不低于1200克/只\r\n1只/上下保利龙盖/彩盒     2只/大箱',NULL,'PCS',144,NULL,NULL,NULL,'2.00',NULL,NULL,NULL,NULL,'光华','17.00','2448.00',NULL,NULL,NULL,NULL,NULL,NULL,NULL,NULL,NULL,NULL),('29ad1508-fe8a-435a-9887-a80071f27b0d',NULL,'156cf16e-b23f-4852-9a1b-e36677e9071a',NULL,NULL,NULL,NULL,'JK1014006',NULL,'全明料低口杯，烤6种白花纸\r\n尺寸：7.3X10.5CM高\r\n6只/五层内盒         24只/大箱\r\n6种花纸内盒中混装，白花纸我司供',NULL,'PCS',1800,NULL,NULL,NULL,NULL,'3.00',NULL,NULL,NULL,'宏艺','5.30','9540.00',NULL,NULL,NULL,NULL,NULL,NULL,NULL,NULL,NULL,NULL),('6bea6f74-8038-4533-b048-29e4c7db6b3c',NULL,'156cf16e-b23f-4852-9a1b-e36677e9071a',NULL,NULL,NULL,NULL,'2964',NULL,'全明料糖缸带盖子\r\n尺寸：19X48CM高  底径：13.5CM\r\n重量不低于1600克/只\r\n1只/上下保利龙盖/彩盒    4只/大箱',NULL,'PCS',144,NULL,NULL,NULL,NULL,NULL,'4.00',NULL,NULL,'光华','24.00','3456.00',NULL,NULL,NULL,NULL,NULL,NULL,NULL,NULL,NULL,NULL),('8bab1082-3a69-469a-8754-736130cfb5c7',NULL,'156cf16e-b23f-4852-9a1b-e36677e9071a',NULL,NULL,NULL,NULL,'JK1014005',NULL,'全明料低口杯，烤鱼白花纸\r\n尺寸：7.3X10.5CM高\r\n4只/五层内盒       24只/大箱\r\n花纸我司提供',NULL,'PCS',1800,NULL,NULL,NULL,NULL,NULL,NULL,'5.00',NULL,'宏艺','5.30','9540.00',NULL,NULL,NULL,NULL,NULL,NULL,NULL,NULL,NULL,NULL),('ac5d6132-319a-42db-94e5-f3adb3067e9d',NULL,'156cf16e-b23f-4852-9a1b-e36677e9071a',NULL,NULL,NULL,NULL,'JK1014003',NULL,'全明料盘子，烤鱼白花纸\r\n盘子直径：27CM\r\n2只/五层内盒        16只/大箱\r\n花纸我司提供',NULL,'PCS',1200,NULL,NULL,NULL,NULL,NULL,NULL,NULL,NULL,'天顺','7.50','9000.00',NULL,NULL,'6.00',NULL,NULL,NULL,NULL,NULL,NULL,NULL),('b2781038-640d-4da3-97e2-ba01dacd9456',NULL,'156cf16e-b23f-4852-9a1b-e36677e9071a',NULL,NULL,NULL,NULL,'JK1014001',NULL,'全明料大碗，烤鱼白花纸\r\n尺寸：23X11CM高\r\n1只/五层内盒                4只/大箱\r\n花纸我司提供',NULL,'PCS',1000,NULL,NULL,NULL,NULL,NULL,NULL,NULL,NULL,'宏艺','16.50','16500.00',NULL,NULL,NULL,NULL,NULL,'7.00',NULL,NULL,NULL,NULL),('c97bced5-3921-4e1c-8464-78a444f0f92d',NULL,'f69daeb5-984d-41cc-9fb6-d3887b64c96e',NULL,NULL,NULL,NULL,'2976',NULL,'全明料糖缸带盖子\r\n尺寸：17.5X41CM高   底径：13CM\r\n重量不低于1800克/只\r\n1只/上下保利龙盖/彩盒     4只/大箱',NULL,'PCS',144,NULL,NULL,NULL,NULL,NULL,NULL,NULL,NULL,'光华','17.00','2448.00',NULL,NULL,NULL,NULL,NULL,NULL,NULL,NULL,NULL,NULL),('cb7369d6-3d5c-4ad8-ba1f-bc9f8701426b',NULL,'f69daeb5-984d-41cc-9fb6-d3887b64c96e',NULL,NULL,NULL,NULL,'2977',NULL,'全明料圆肚糖缸带盖子\r\n尺寸：16X36CM高    底径：12CM\r\n最大径：22CM    重量不低于1200克/只\r\n1只/上下保利龙盖/彩盒     2只/大箱',NULL,'PCS',144,NULL,NULL,NULL,NULL,NULL,NULL,NULL,NULL,'光华','17.00','2448.00',NULL,NULL,NULL,NULL,NULL,NULL,NULL,NULL,NULL,NULL),('e1b03127-4727-4885-a14f-6f411f8036c5',NULL,'156cf16e-b23f-4852-9a1b-e36677e9071a',NULL,NULL,NULL,NULL,'JK1080766-3',NULL,'全明料低口杯，烤3种不同的白花纸\r\n尺寸：7.3X10.5CM \r\n3只/五层内盒            24只/大箱\r\n每种花纸600只，3种花纸混装\r\n花纸我司提供',NULL,'PCS',1800,NULL,NULL,NULL,NULL,NULL,NULL,NULL,NULL,'宏艺','5.30','9540.00',NULL,NULL,'6.00',NULL,NULL,NULL,NULL,NULL,NULL,NULL),('e414fa24-2dce-4119-803f-48e06cd46d65',NULL,'156cf16e-b23f-4852-9a1b-e36677e9071a',NULL,NULL,NULL,NULL,'2976',NULL,'全明料糖缸带盖子\r\n尺寸：17.5X41CM高   底径：13CM\r\n重量不低于1800克/只\r\n1只/上下保利龙盖/彩盒     4只/大箱',NULL,'PCS',144,NULL,NULL,NULL,NULL,NULL,NULL,'5.00',NULL,'光华','17.00','2448.00',NULL,NULL,NULL,NULL,NULL,NULL,NULL,NULL,NULL,NULL),('e6695d62-3b4f-4f71-a304-7856848b4cbe',NULL,'f69daeb5-984d-41cc-9fb6-d3887b64c96e',NULL,NULL,NULL,NULL,'2964',NULL,'全明料糖缸带盖子\r\n尺寸：19X48CM高  底径：13.5CM\r\n重量不低于1600克/只\r\n1只/上下保利龙盖/彩盒    4只/大箱',NULL,'PCS',144,NULL,NULL,NULL,NULL,NULL,NULL,NULL,NULL,'光华','24.00','3456.00',NULL,NULL,NULL,NULL,NULL,NULL,NULL,NULL,NULL,NULL),('f53e44a3-e84b-4943-b8bf-c96b256da520',NULL,'156cf16e-b23f-4852-9a1b-e36677e9071a',NULL,NULL,NULL,NULL,'2965',NULL,'全明料糖缸带盖子\r\n尺寸：16X40CM高  底径：11CM\r\n重量不低于1500克/只\r\n1只/上下保利龙盖/彩盒   6只/大箱',NULL,'PCS',144,NULL,NULL,NULL,NULL,NULL,'4.00',NULL,NULL,'光华','17.00','2448.00',NULL,NULL,NULL,NULL,NULL,NULL,NULL,NULL,NULL,NULL),('fdc1617f-75f6-42b4-8929-bd33c44b2ba2',NULL,'f69daeb5-984d-41cc-9fb6-d3887b64c96e',NULL,NULL,NULL,NULL,'2965',NULL,'全明料糖缸带盖子\r\n尺寸：16X40CM高  底径：11CM\r\n重量不低于1500克/只\r\n1只/上下保利龙盖/彩盒   6只/大箱',NULL,'PCS',144,NULL,NULL,NULL,NULL,NULL,NULL,NULL,NULL,'光华','17.00','2448.00',NULL,NULL,NULL,NULL,NULL,NULL,NULL,NULL,NULL,NULL);

/*Table structure for table `ext_cproduct_c` */

DROP TABLE IF EXISTS `ext_cproduct_c`;

CREATE TABLE `ext_cproduct_c` (
  `EXT_CPRODUCT_ID` varchar(40) NOT NULL,
  `FACTORY_ID` varchar(40) default NULL,
  `CONTRACT_PRODUCT_ID` varchar(40) default NULL,
  `CTYPE` int(11) default NULL COMMENT 'SYS_CODE=0104',
  `PRODUCT_NAME` varchar(200) default NULL,
  `PRODUCT_NO` varchar(50) default NULL,
  `PRODUCT_IMAGE` varchar(200) default NULL,
  `PRODUCT_DESC` varchar(600) default NULL,
  `LOADING_RATE` varchar(30) default NULL COMMENT 'x/y',
  `PACKING_UNIT` varchar(10) default NULL COMMENT 'PCS/SETS',
  `CNUMBER` int(11) default NULL,
  `OUT_NUMBER` int(11) default NULL,
  `FINISHED` bit(1) default NULL,
  `GROSS_WEIGHT` decimal(10,2) default NULL,
  `NET_WEIGHT` decimal(10,2) default NULL,
  `SIZE_LENGTH` decimal(10,2) default NULL,
  `SIZE_WIDTH` decimal(10,2) default NULL,
  `SIZE_HEIGHT` decimal(10,2) default NULL,
  `PRODUCT_REQUEST` varchar(2000) default NULL,
  `FACTORY_NAME` varchar(200) default NULL,
  `PRICE` decimal(10,2) default NULL,
  `AMOUNT` decimal(10,2) default NULL COMMENT '自动计算: 数量x单价',
  `CUNIT` varchar(10) default NULL,
  `BOX_NUM` int(11) default NULL,
  `EX_PRICE` decimal(10,2) default NULL,
  `EX_UNIT` varchar(10) default NULL COMMENT '$/￥',
  `NO_TAX` decimal(10,2) default NULL COMMENT '收购单价',
  `TAX` decimal(10,2) default NULL COMMENT '收购单价',
  `COST_PRICE` decimal(10,2) default NULL COMMENT '自动计算=数量x含税/1.17标准值',
  `COST_TAX` decimal(10,2) default NULL COMMENT '自动计算=数量x含税-收购成本金额',
  `ACCESSORIES` bit(1) default NULL,
  `ORDER_NO` int(11) default NULL,
  PRIMARY KEY  (`EXT_CPRODUCT_ID`)
) ENGINE=InnoDB DEFAULT CHARSET=utf8;

/*Data for the table `ext_cproduct_c` */

insert  into `ext_cproduct_c`(`EXT_CPRODUCT_ID`,`FACTORY_ID`,`CONTRACT_PRODUCT_ID`,`CTYPE`,`PRODUCT_NAME`,`PRODUCT_NO`,`PRODUCT_IMAGE`,`PRODUCT_DESC`,`LOADING_RATE`,`PACKING_UNIT`,`CNUMBER`,`OUT_NUMBER`,`FINISHED`,`GROSS_WEIGHT`,`NET_WEIGHT`,`SIZE_LENGTH`,`SIZE_WIDTH`,`SIZE_HEIGHT`,`PRODUCT_REQUEST`,`FACTORY_NAME`,`PRICE`,`AMOUNT`,`CUNIT`,`BOX_NUM`,`EX_PRICE`,`EX_UNIT`,`NO_TAX`,`TAX`,`COST_PRICE`,`COST_TAX`,`ACCESSORIES`,`ORDER_NO`) values ('4028817a353b8d8e01353cad7b730023','19','4028817a3420e78a013421a693820007',2,NULL,'5117','undefined','白金字母花纸\r\nSWEETS\r\n送祁县光华厂',NULL,'PCS',300,NULL,'\0',NULL,NULL,NULL,NULL,NULL,'1.产品的颜色、造型、尺寸、重量务必同我司封样一致；\r\n2.工厂免费提供2% 余量，以防损耗，代用包装送至指定工厂；请在外包装上注明相对应的合同号及货号；\r\n3.交期:2012年1月15日。',NULL,'3.00','900.00',NULL,NULL,NULL,NULL,NULL,NULL,NULL,NULL,'\0',11),('4028817a353b8d8e01353cad7b730024','4028817a33ecdbf70133ee202e49000b','4028817a3420e78a013421e2e3c1001a',4,NULL,'5337','e877a4e2-2e48-4b06-91a8-3fb64f150a0f.jpg','全明料死模风灯，电镀花银喷蓝色			\r\n尺寸：14.5X20CM高			\r\n1只/五层内盒      12只/大箱			\r\n毛坯1月30日送',NULL,'PCS',300,NULL,'\0',NULL,NULL,NULL,NULL,NULL,'★   产品与封样无明显差异，唛头、标签及包装质量务必符合公司要求。 \r\n ★★  产品生产前期、中期、后期抽验率不得少于10%，质量和封样一致， \r\n       并将验货照片传回公司。 \r\n★★★ 重点客人的质量标准检验，产品抽验率不得少于50%，务必做到入箱前检查。 \r\n 交期：2012年2月15日/工厂。       没有经过我司同意无故延期交货造成严重后果的，按照客人的相关要求处理。 \r\n 开票：出货后请将增值税发票、验货报告、合同复印件及出库单一并寄至我司，以便我司安排付款。',NULL,'3.00','900.00',NULL,NULL,NULL,NULL,NULL,NULL,NULL,NULL,'\0',9),('4028817a353b8d8e01353cad7b730027','4028817a33ecdbf70133ee202e49000b','4028817a3420e78a013421a693820002',4,NULL,'4995','b232e729-a02f-48b2-987b-2c6311827816.jpg','全明料死模风灯，电镀花银喷浅紫色\r\n明料挺底			\r\n尺寸：11.5X20.3CM		\r\n1只/五层内盒     12只/大箱	\r\n毛坯1月30日送',NULL,'PCS',300,NULL,'\0',NULL,NULL,NULL,NULL,NULL,'★   产品与封样无明显差异，唛头、标签及包装质量务必符合公司要求。 \r\n ★★  产品生产前期、中期、后期抽验率不得少于10%，质量和封样一致， \r\n       并将验货照片传回公司。 \r\n★★★ 重点客人的质量标准检验，产品抽验率不得少于50%，务必做到入箱前检查。 \r\n 交期：2012年2月15日/工厂。毛坯送至祁县瑞成玻璃镀膜厂。 \r\n       没有经过我司同意无故延期交货造成严重后果的，按照客人的相关要求处理。 \r\n 开票：出货后请将增值税发票、验货报告、合同复印件及出库单一并寄至我司，以便我司安排付款。',NULL,'1.70','510.00',NULL,NULL,NULL,NULL,NULL,NULL,NULL,NULL,'\0',3),('4028817a353b8d8e01353cad7b730029','4028817a33ecdbf70133ee202e49000b','4028817a3420e78a013421a693820004',4,NULL,'4996','987692c0-6e47-4117-b6c8-3dbbeaca1b0c.jpg','全明料死模风灯，电镀花银喷浅绿色\r\n明料挺底			\r\n尺寸：11.5X30.5CM高		\r\n1只/五层内盒      6只/大箱	\r\n毛坯1月30日送',NULL,'PCS',300,NULL,'\0',NULL,NULL,NULL,NULL,NULL,'★   产品与封样无明显差异，唛头、标签及包装质量务必符合公司要求。 \r\n ★★  产品生产前期、中期、后期抽验率不得少于10%，质量和封样一致， \r\n       并将验货照片传回公司。 \r\n★★★ 重点客人的质量标准检验，产品抽验率不得少于50%，务必做到入箱前检查。 \r\n 交期：2012年2月15日/工厂。毛坯送至祁县瑞成玻璃镀膜厂。 \r\n       没有经过我司同意无故延期交货造成严重后果的，按照客人的相关要求处理。 \r\n 开票：出货后请将增值税发票、验货报告、合同复印件及出库单一并寄至我司，以便我司安排付款。',NULL,'1.70','510.00',NULL,NULL,NULL,NULL,NULL,NULL,NULL,NULL,'\0',4),('4028817a353b8d8e01353cad7b73002a','4028817a33ecdbf70133ee202e49000b','4028817a3420e78a013421a693820006',4,NULL,'4993','a803fa9e-dda1-476a-a822-a51b226aca39.jpg','全明料死模风灯，电镀花银喷浅绿色 \r\n明料挺底			\r\n尺寸：11.5X20.3CM		\r\n1只/五层内盒      12只/大箱	\r\n毛坯1月30日送',NULL,'PCS',300,NULL,'\0',NULL,NULL,NULL,NULL,NULL,'★   产品与封样无明显差异，唛头、标签及包装质量务必符合公司要求。 \r\n ★★  产品生产前期、中期、后期抽验率不得少于10%，质量和封样一致， \r\n       并将验货照片传回公司。 \r\n★★★ 重点客人的质量标准检验，产品抽验率不得少于50%，务必做到入箱前检查。 \r\n 交期：2012年2月15日/工厂。       没有经过我司同意无故延期交货造成严重后果的，按照客人的相关要求处理。 \r\n 开票：出货后请将增值税发票、验货报告、合同复印件及出库单一并寄至我司，以便我司安排付款。',NULL,'1.70','510.00',NULL,NULL,NULL,NULL,NULL,NULL,NULL,NULL,'\0',1),('4028817a353b8d8e01353cad7b73002b','4028817a33ecdbf70133ee202e49000b','4028817a3420e78a013421d2e3fe0014',4,NULL,'5331','51902cb9-1650-480b-8373-2da4c3f2338b.jpg','全明料死模风灯，电镀花银喷绿色			\r\n尺寸：17X23CM高			\r\n1只/五层内盒      6只/大箱			\r\n毛坯1月30日送',NULL,'PCS',300,NULL,'\0',NULL,NULL,NULL,NULL,NULL,'★   产品与封样无明显差异，唛头、标签及包装质量务必符合公司要求。 \r\n ★★  产品生产前期、中期、后期抽验率不得少于10%，质量和封样一致， \r\n       并将验货照片传回公司。 \r\n★★★ 重点客人的质量标准检验，产品抽验率不得少于50%，务必做到入箱前检查。 \r\n 交期：2012年2月15日/工厂。       没有经过我司同意无故延期交货造成严重后果的，按照客人的相关要求处理。 \r\n 开票：出货后请将增值税发票、验货报告、合同复印件及出库单一并寄至我司，以便我司安排付款。',NULL,'3.50','1050.00',NULL,NULL,NULL,NULL,NULL,NULL,NULL,NULL,'\0',7),('4028817a353b8d8e01353cad7b73002d','4028817a33ecdbf70133ee202e49000b','4028817a3420e78a013421a693820003',4,NULL,'4994','05b37ddc-8904-4df3-8167-b98129c600de.jpg','全明料死模风灯，电镀花银喷浅蓝色\r\n明料挺底			\r\n尺寸：11.5X20.3CM		\r\n1只/五层内盒     12只/大箱	\r\n毛坯1月30日送',NULL,'PCS',300,NULL,'\0',NULL,NULL,NULL,NULL,NULL,'★   产品与封样无明显差异，唛头、标签及包装质量务必符合公司要求。 \r\n ★★  产品生产前期、中期、后期抽验率不得少于10%，质量和封样一致， \r\n       并将验货照片传回公司。 \r\n★★★ 重点客人的质量标准检验，产品抽验率不得少于50%，务必做到入箱前检查。 \r\n 交期：2012年2月15日/工厂。毛坯送至祁县瑞成玻璃镀膜厂。 \r\n       没有经过我司同意无故延期交货造成严重后果的，按照客人的相关要求处理。 \r\n 开票：出货后请将增值税发票、验货报告、合同复印件及出库单一并寄至我司，以便我司安排付款。',NULL,'1.70','510.00',NULL,NULL,NULL,NULL,NULL,NULL,NULL,NULL,'\0',2),('4028817a353b8d8e01353cadeab80031','4028817a33ecdbf70133ee202e49000b','4028817a3420e78a013421a693920011',4,NULL,'4997','7dbc495e-a12c-4eec-9975-c93c1b3f4297.jpg','全明料死模风灯，电镀花银喷浅蓝色\r\n明料挺底			\r\n尺寸：11.5X30.5CM高		\r\n1只/五层内盒      6只/大箱	\r\n毛坯1月30日送',NULL,'PCS',300,NULL,'\0',NULL,NULL,NULL,NULL,NULL,'★   产品与封样无明显差异，唛头、标签及包装质量务必符合公司要求。 \r\n ★★  产品生产前期、中期、后期抽验率不得少于10%，质量和封样一致， \r\n       并将验货照片传回公司。 \r\n★★★ 重点客人的质量标准检验，产品抽验率不得少于50%，务必做到入箱前检查。 \r\n 交期：2012年2月15日/工厂。       没有经过我司同意无故延期交货造成严重后果的，按照客人的相关要求处理。 \r\n 开票：出货后请将增值税发票、验货报告、合同复印件及出库单一并寄至我司，以便我司安排付款。',NULL,'1.70','510.00',NULL,NULL,NULL,NULL,NULL,NULL,NULL,NULL,'\0',5),('4028817a353b8d8e01353cadeab80037','19','4028817a3420e78a013421a693820005',2,NULL,'5118','undefined','白金字母花纸\r\nSWEETS\r\n送祁县光华厂',NULL,'PCS',300,NULL,'\0',NULL,NULL,NULL,NULL,NULL,'1.产品的颜色、造型、尺寸、重量务必同我司封样一致；\r\n2.工厂免费提供2% 余量，以防损耗，代用包装送至指定工厂；请在外包装上注明相对应的合同号及货号；\r\n3.交期:2012年1月15日。',NULL,'3.00','900.00',NULL,NULL,NULL,NULL,NULL,NULL,NULL,NULL,'\0',12),('4028817a353b8d8e01353cadec6d003a','4028817a33ecdbf70133ee202e49000b','4028817a3420e78a013421d2e3fe0013',4,NULL,'5336','c8350cd2-47ae-4054-ad81-70004fe4eb44.jpg','全明料死模风灯，电镀花银喷绿色			\r\n 尺寸：14.5X20CM高			\r\n1只/五层内盒      12只/大箱			\r\n毛坯1月30日送',NULL,'PCS',300,NULL,'\0',NULL,NULL,NULL,NULL,NULL,'★   产品与封样无明显差异，唛头、标签及包装质量务必符合公司要求。 \r\n ★★  产品生产前期、中期、后期抽验率不得少于10%，质量和封样一致， \r\n       并将验货照片传回公司。 \r\n★★★ 重点客人的质量标准检验，产品抽验率不得少于50%，务必做到入箱前检查。 \r\n 交期：2012年2月15日/工厂。       没有经过我司同意无故延期交货造成严重后果的，按照客人的相关要求处理。 \r\n 开票：出货后请将增值税发票、验货报告、合同复印件及出库单一并寄至我司，以便我司安排付款。',NULL,'3.00','900.00',NULL,NULL,NULL,NULL,NULL,NULL,NULL,NULL,'\0',8),('4028817a353b8d8e01353cadec6d0042','4028817a33ecdbf70133ee202e49000b','4028817a3420e78a013421a69382000e',4,NULL,'4998','44fc2f77-af8a-42d3-8d9b-fa2bafa8f47a.jpg','全明料死模风灯，电镀花银喷浅紫色\r\n明料挺底			\r\n尺寸：11.5X30.5CM高		\r\n1只/五层内盒      6只/大箱	\r\n毛坯1月30日送',NULL,'PCS',300,NULL,'\0',NULL,NULL,NULL,NULL,NULL,'★   产品与封样无明显差异，唛头、标签及包装质量务必符合公司要求。 \r\n ★★  产品生产前期、中期、后期抽验率不得少于10%，质量和封样一致， \r\n       并将验货照片传回公司。 \r\n★★★ 重点客人的质量标准检验，产品抽验率不得少于50%，务必做到入箱前检查。 \r\n 交期：2012年2月15日/工厂。毛坯送至祁县瑞成玻璃镀膜厂。 \r\n       没有经过我司同意无故延期交货造成严重后果的，按照客人的相关要求处理。 \r\n 开票：出货后请将增值税发票、验货报告、合同复印件及出库单一并寄至我司，以便我司安排付款。',NULL,'1.70','510.00',NULL,NULL,NULL,NULL,NULL,NULL,NULL,NULL,'\0',6),('4028817a353b8d8e01353cadec6d0044','4028817a33ecdbf70133ee202e49000b','4028817a3420e78a013421e2e3c10016',4,NULL,'5400','601585a1-ba16-42bb-9ffb-d187b521be1f.jpg','全明料死模风灯，电镀花银喷蓝色			\r\n尺寸：17X23CM高			\r\n1只/五层内盒      6只/大箱			\r\n毛坯1月30日送',NULL,'PCS',300,NULL,'\0',NULL,NULL,NULL,NULL,NULL,'★   产品与封样无明显差异，唛头、标签及包装质量务必符合公司要求。 \r\n ★★  产品生产前期、中期、后期抽验率不得少于10%，质量和封样一致， \r\n       并将验货照片传回公司。 \r\n★★★ 重点客人的质量标准检验，产品抽验率不得少于50%，务必做到入箱前检查。 \r\n 交期：2012年2月15日/工厂。       没有经过我司同意无故延期交货造成严重后果的，按照客人的相关要求处理。 \r\n 开票：出货后请将增值税发票、验货报告、合同复印件及出库单一并寄至我司，以便我司安排付款。',NULL,'3.50','1050.00',NULL,NULL,NULL,NULL,NULL,NULL,NULL,NULL,'\0',10);

/*Table structure for table `ext_cproduct_his_c` */

DROP TABLE IF EXISTS `ext_cproduct_his_c`;

CREATE TABLE `ext_cproduct_his_c` (
  `EXT_CPRODUCT_ID` varchar(40) NOT NULL,
  `FACTORY_ID` varchar(40) default NULL,
  `CONTRACT_PRODUCT_ID` varchar(40) default NULL,
  `CTYPE` int(11) default NULL COMMENT 'SYS_CODE=0104',
  `PRODUCT_NAME` varchar(200) default NULL,
  `PRODUCT_NO` varchar(50) default NULL,
  `PRODUCT_IMAGE` varchar(200) default NULL,
  `PRODUCT_DESC` varchar(600) default NULL,
  `LOADING_RATE` varchar(30) default NULL COMMENT 'x/y',
  `PACKING_UNIT` varchar(10) default NULL COMMENT 'PCS/SETS',
  `CNUMBER` int(11) default NULL,
  `OUT_NUMBER` int(11) default NULL,
  `FINISHED` bit(1) default NULL,
  `GROSS_WEIGHT` decimal(10,2) default NULL,
  `NET_WEIGHT` decimal(10,2) default NULL,
  `SIZE_LENGTH` decimal(10,2) default NULL,
  `SIZE_WIDTH` decimal(10,2) default NULL,
  `SIZE_HEIGHT` decimal(10,2) default NULL,
  `PRODUCT_REQUEST` varchar(2000) default NULL,
  `FACTORY_NAME` varchar(200) default NULL,
  `PRICE` decimal(10,2) default NULL,
  `AMOUNT` decimal(10,2) default NULL COMMENT '自动计算: 数量x单价',
  `CUNIT` varchar(10) default NULL,
  `BOX_NUM` int(11) default NULL,
  `EX_PRICE` decimal(10,2) default NULL,
  `EX_UNIT` varchar(10) default NULL COMMENT '$/￥',
  `NO_TAX` decimal(10,2) default NULL COMMENT '收购单价',
  `TAX` decimal(10,2) default NULL COMMENT '收购单价',
  `COST_PRICE` decimal(10,2) default NULL COMMENT '自动计算=数量x含税/1.17标准值',
  `COST_TAX` decimal(10,2) default NULL COMMENT '自动计算=数量x含税-收购成本金额',
  `ACCESSORIES` bit(1) default NULL,
  `ORDER_NO` int(11) default NULL,
  PRIMARY KEY  (`EXT_CPRODUCT_ID`)
) ENGINE=InnoDB DEFAULT CHARSET=utf8;

/*Data for the table `ext_cproduct_his_c` */

insert  into `ext_cproduct_his_c`(`EXT_CPRODUCT_ID`,`FACTORY_ID`,`CONTRACT_PRODUCT_ID`,`CTYPE`,`PRODUCT_NAME`,`PRODUCT_NO`,`PRODUCT_IMAGE`,`PRODUCT_DESC`,`LOADING_RATE`,`PACKING_UNIT`,`CNUMBER`,`OUT_NUMBER`,`FINISHED`,`GROSS_WEIGHT`,`NET_WEIGHT`,`SIZE_LENGTH`,`SIZE_WIDTH`,`SIZE_HEIGHT`,`PRODUCT_REQUEST`,`FACTORY_NAME`,`PRICE`,`AMOUNT`,`CUNIT`,`BOX_NUM`,`EX_PRICE`,`EX_UNIT`,`NO_TAX`,`TAX`,`COST_PRICE`,`COST_TAX`,`ACCESSORIES`,`ORDER_NO`) values ('4028817a343a5c9101343a6fd3200001','22','4028817a33812ffd0133816aacd40019',4,NULL,'4998','undefined','全明料死模风灯 ，电镀花银喷紫色\r\n尺寸：11.5X30.5CM',NULL,'PCS',300,NULL,'\0',NULL,NULL,NULL,NULL,NULL,'★   产品与封样无明显差异，唛头、标签及包装质量务必符合公司要求。 \r\n ★★  产品生产前期、中期、后期抽验率不得少于10%，质量和封样一致， \r\n       并将验货照片传回公司。 \r\n★★★ 重点客人的质量标准检验，产品抽验率不得少于50%，务必做到入箱前检查。 \r\n 交期：2012年1月10日/工厂。\r\n       没有经过我司同意无故延期交货造成严重后果的，按照客人的相关要求处理。 \r\n 开票：出货后请将增值税发票、验货报告、合同复印件及出库单一并寄至我司，以便我司安排付款。',NULL,'1.70','510.00',NULL,NULL,NULL,NULL,NULL,NULL,NULL,NULL,'\0',6),('4028817a343a5c9101343a6fd35f0002','19','4028817a33812ffd0133816aacd40017',2,NULL,'5117','undefined','白金字母花纸\r\nSWEETS\r\n送祁县光华厂',NULL,'PCS',300,NULL,'\0',NULL,NULL,NULL,NULL,NULL,'1.产品的颜色、造型、尺寸、重量务必同我司封样一致；\r\n2.工厂免费提供2% 余量，以防损耗，代用包装送至指定工厂；请在外包装上注明相对应的合同号及货号；\r\n3.交期:2011年11月30日；',NULL,'3.00','900.00',NULL,NULL,NULL,NULL,NULL,NULL,NULL,NULL,'\0',12),('4028817a343a5c9101343a6fd35f0003','22','4028817a33812ffd0133813f25a30002',4,NULL,'4993','','全明料死模风灯，电镀花银喷绿色\r\n尺寸：11.5X20.3CM\r\n毛坯1月25日送',NULL,'PCS',300,NULL,'\0',NULL,NULL,NULL,NULL,NULL,'★   产品与封样无明显差异，唛头、标签及包装质量务必符合公司要求。 \r\n ★★  产品生产前期、中期、后期抽验率不得少于10%，质量和封样一致， \r\n       并将验货照片传回公司。 \r\n★★★ 重点客人的质量标准检验，产品抽验率不得少于50%，务必做到入箱前检查。 \r\n 交期：2012年1月10日/工厂。\r\n       没有经过我司同意无故延期交货造成严重后果的，按照客人的相关要求处理。 \r\n 开票：出货后请将增值税发票、验货报告、合同复印件及出库单一并寄至我司，以便我司安排付款。',NULL,'1.70','510.00',NULL,NULL,NULL,NULL,NULL,NULL,NULL,NULL,'\0',1),('4028817a343a5c9101343a6fd35f0004','22','4028817a33812ffd0133816aacd40018',4,NULL,'5400','undefined','全明料死模风灯，电镀花银喷蓝色\r\n尺寸：17X23CM高',NULL,'PCS',300,NULL,'\0',NULL,NULL,NULL,NULL,NULL,'★   产品与封样无明显差异，唛头、标签及包装质量务必符合公司要求。 \r\n ★★  产品生产前期、中期、后期抽验率不得少于10%，质量和封样一致， \r\n       并将验货照片传回公司。 \r\n★★★ 重点客人的质量标准检验，产品抽验率不得少于50%，务必做到入箱前检查。 \r\n 交期：2012年1月10日/工厂。\r\n       没有经过我司同意无故延期交货造成严重后果的，按照客人的相关要求处理。 \r\n 开票：出货后请将增值税发票、验货报告、合同复印件及出库单一并寄至我司，以便我司安排付款。',NULL,'3.50','1050.00',NULL,NULL,NULL,NULL,NULL,NULL,NULL,NULL,'\0',10),('4028817a343a5c9101343a6fd35f0005','22','4028817a33812ffd0133816aacd4000d',4,NULL,'4996','undefined','全明料死模风灯，电镀花银喷绿色\r\n尺寸：11.5X30.5CM高',NULL,'PCS',300,NULL,'\0',NULL,NULL,NULL,NULL,NULL,'★   产品与封样无明显差异，唛头、标签及包装质量务必符合公司要求。 \r\n ★★  产品生产前期、中期、后期抽验率不得少于10%，质量和封样一致， \r\n       并将验货照片传回公司。 \r\n★★★ 重点客人的质量标准检验，产品抽验率不得少于50%，务必做到入箱前检查。 \r\n 交期：2012年1月10日/工厂。\r\n       没有经过我司同意无故延期交货造成严重后果的，按照客人的相关要求处理。 \r\n 开票：出货后请将增值税发票、验货报告、合同复印件及出库单一并寄至我司，以便我司安排付款。',NULL,'1.70','510.00',NULL,NULL,NULL,NULL,NULL,NULL,NULL,NULL,'\0',4),('4028817a343a5c9101343a6fd35f0006','22','4028817a33812ffd0133816aacd40014',4,NULL,'5336','undefined','全明料死模风灯，电镀花银喷绿色\r\n尺寸：14.5X20CM高',NULL,'PCS',300,NULL,'\0',NULL,NULL,NULL,NULL,NULL,'★   产品与封样无明显差异，唛头、标签及包装质量务必符合公司要求。 \r\n ★★  产品生产前期、中期、后期抽验率不得少于10%，质量和封样一致， \r\n       并将验货照片传回公司。 \r\n★★★ 重点客人的质量标准检验，产品抽验率不得少于50%，务必做到入箱前检查。 \r\n 交期：2012年1月10日/工厂。\r\n       没有经过我司同意无故延期交货造成严重后果的，按照客人的相关要求处理。 \r\n 开票：出货后请将增值税发票、验货报告、合同复印件及出库单一并寄至我司，以便我司安排付款。',NULL,'2.00','600.00',NULL,NULL,NULL,NULL,NULL,NULL,NULL,NULL,'\0',8),('4028817a343a5c9101343a6fd35f0007','22','4028817a33812ffd0133813f25a30003',4,NULL,'4994','undefined','全明料死模风灯，电镀花银喷蓝色\r\n尺寸：11.5X20.3CM高',NULL,'PCS',300,NULL,'\0',NULL,NULL,NULL,NULL,NULL,'★   产品与封样无明显差异，唛头、标签及包装质量务必符合公司要求。 \r\n ★★  产品生产前期、中期、后期抽验率不得少于10%，质量和封样一致， \r\n       并将验货照片传回公司。 \r\n★★★ 重点客人的质量标准检验，产品抽验率不得少于50%，务必做到入箱前检查。 \r\n 交期：2012年1月10日/工厂。\r\n       没有经过我司同意无故延期交货造成严重后果的，按照客人的相关要求处理。 \r\n 开票：出货后请将增值税发票、验货报告、合同复印件及出库单一并寄至我司，以便我司安排付款。',NULL,'1.70','510.00',NULL,NULL,NULL,NULL,NULL,NULL,NULL,NULL,'\0',2),('4028817a343a5c9101343a6fd35f0008','20','4028817a33812ffd0133816aacd40011',4,NULL,'6998','undefined','全明料蛋糕盘，盘沿电镀\r\n尺寸：6-1/2\"X12-1/2\"高',NULL,'PCS',300,NULL,'\0',NULL,NULL,NULL,NULL,NULL,'★   产品与封样无明显差异，唛头、标签及包装质量务必符合公司要求。 \r\n ★★  产品生产前期、中期、后期抽验率不得少于10%，质量和封样一致， \r\n       并将验货照片传回公司。 \r\n★★★ 重点客人的质量标准检验，产品抽验率不得少于50%，务必做到入箱前检查。 \r\n 交期：2012年1月10日/工厂。\r\n       没有经过我司同意无故延期交货造成严重后果的，按照客人的相关要求处理。 \r\n 开票：出货后请将增值税发票、验货报告、合同复印件及出库单一并寄至我司，以便我司安排付款。',NULL,'6.00','1800.00',NULL,NULL,NULL,NULL,NULL,NULL,NULL,NULL,'\0',11),('4028817a343a5c9101343a6fd35f0009','22','4028817a33812ffd0133816aacd4000c',4,NULL,'4997','undefined','全明料死模风灯，电镀花银喷蓝色\r\n尺寸：11.5X30.5CM高',NULL,'PCS',300,NULL,'\0',NULL,NULL,NULL,NULL,NULL,'★   产品与封样无明显差异，唛头、标签及包装质量务必符合公司要求。 \r\n ★★  产品生产前期、中期、后期抽验率不得少于10%，质量和封样一致， \r\n       并将验货照片传回公司。 \r\n★★★ 重点客人的质量标准检验，产品抽验率不得少于50%，务必做到入箱前检查。 \r\n 交期：2012年1月10日/工厂。\r\n       没有经过我司同意无故延期交货造成严重后果的，按照客人的相关要求处理。 \r\n 开票：出货后请将增值税发票、验货报告、合同复印件及出库单一并寄至我司，以便我司安排付款。',NULL,'1.70','510.00',NULL,NULL,NULL,NULL,NULL,NULL,NULL,NULL,'\0',5),('4028817a343a5c9101343a6fd35f000a','19','4028817a33812ffd0133816aacd40012',2,NULL,'5118','undefined','白金字母花纸\r\nSWEETS\r\n送祁县光华厂',NULL,'PCS',600,NULL,'\0',NULL,NULL,NULL,NULL,NULL,'1.产品的颜色、造型、尺寸、重量务必同我司封样一致；\r\n2.工厂免费提供2% 余量，以防损耗，代用包装送至指定工厂；请在外包装上注明相对应的合同号及货号；\r\n3.交期:2011年11月30日；',NULL,'3.00','1800.00',NULL,NULL,NULL,NULL,NULL,NULL,NULL,NULL,'\0',13),('4028817a343a5c9101343a6fd35f000b','22','4028817a33812ffd0133816aacd40015',4,NULL,'5337','undefined','全明料死模风灯，电镀花银喷蓝色\r\n尺寸：14.5X20CM高',NULL,'PCS',300,NULL,'\0',NULL,NULL,NULL,NULL,NULL,'★   产品与封样无明显差异，唛头、标签及包装质量务必符合公司要求。 \r\n ★★  产品生产前期、中期、后期抽验率不得少于10%，质量和封样一致， \r\n       并将验货照片传回公司。 \r\n★★★ 重点客人的质量标准检验，产品抽验率不得少于50%，务必做到入箱前检查。 \r\n 交期：2012年1月10日/工厂。\r\n       没有经过我司同意无故延期交货造成严重后果的，按照客人的相关要求处理。 \r\n 开票：出货后请将增值税发票、验货报告、合同复印件及出库单一并寄至我司，以便我司安排付款。',NULL,'2.00','600.00',NULL,NULL,NULL,NULL,NULL,NULL,NULL,NULL,'\0',9),('4028817a343a5c9101343a6fd35f000c','22','4028817a33812ffd0133816aacc40009',4,NULL,'5331','undefined','全明料死模风灯，电镀花银喷绿色\r\n尺寸：17X23CM高',NULL,'PCS',300,NULL,'\0',NULL,NULL,NULL,NULL,NULL,'★   产品与封样无明显差异，唛头、标签及包装质量务必符合公司要求。 \r\n ★★  产品生产前期、中期、后期抽验率不得少于10%，质量和封样一致， \r\n       并将验货照片传回公司。 \r\n★★★ 重点客人的质量标准检验，产品抽验率不得少于50%，务必做到入箱前检查。 \r\n 交期：2012年1月10日/工厂。\r\n       没有经过我司同意无故延期交货造成严重后果的，按照客人的相关要求处理。 \r\n 开票：出货后请将增值税发票、验货报告、合同复印件及出库单一并寄至我司，以便我司安排付款。',NULL,'3.50','1050.00',NULL,NULL,NULL,NULL,NULL,NULL,NULL,NULL,'\0',7),('4028817a343a5c9101343a6fd35f000d','22','4028817a33812ffd0133813f25a30004',4,NULL,'4995','undefined','全明料死模风灯，电镀花银喷紫色\r\n尺寸：11.5X20.3CM',NULL,'PCS',300,NULL,'\0',NULL,NULL,NULL,NULL,NULL,'★   产品与封样无明显差异，唛头、标签及包装质量务必符合公司要求。 \r\n ★★  产品生产前期、中期、后期抽验率不得少于10%，质量和封样一致， \r\n       并将验货照片传回公司。 \r\n★★★ 重点客人的质量标准检验，产品抽验率不得少于50%，务必做到入箱前检查。 \r\n 交期：2012年1月10日/工厂。\r\n       没有经过我司同意无故延期交货造成严重后果的，按照客人的相关要求处理。 \r\n 开票：出货后请将增值税发票、验货报告、合同复印件及出库单一并寄至我司，以便我司安排付款。',NULL,'1.70','510.00',NULL,NULL,NULL,NULL,NULL,NULL,NULL,NULL,'\0',3),('4028817a353b8d8e01353d39f06c005d','19','4028817a353b8d8e01353d32350d0051',2,NULL,'5117','aec0cd7f-795e-4c5f-b8c5-532b6479c4be.jpg','白金字母花纸\r\nSWEETS\r\n安全包装送祁县光华厂',NULL,'PCS',100,NULL,'\0',NULL,NULL,NULL,NULL,NULL,'1.产品的颜色、造型、尺寸、重量务必同我司封样一致；\r\n2.工厂免费提供2% 余量，以防损耗，代用包装送至指定工厂；请在外包装上注明相对应的合同号及货号；\r\n3.交期:2012年2月5日。',NULL,'3.00','300.00',NULL,NULL,NULL,NULL,NULL,NULL,NULL,NULL,'\0',1),('4028817a353b8d8e01353d39f06c005e','4028817a33ecdbf70133ee202e49000b','4028817a353b8d8e01353d32350d005b',4,NULL,'5336','4436f9d7-b0e2-4926-9cd4-f6c66333c290.jpg','全明料死模风灯，电镀花银喷绿色			\r\n 			\r\n尺寸：14.5X20CM高			\r\n1只/五层内盒      12只/大箱			\r\n毛坯1月30日送',NULL,'PCS',156,NULL,'\0',NULL,NULL,NULL,NULL,NULL,'★   产品与封样无明显差异，唛头、标签及包装质量务必符合公司要求。 \r\n ★★  产品生产前期、中期、后期抽验率不得少于10%，质量和封样一致， \r\n       并将验货照片传回公司。 \r\n★★★ 重点客人的质量标准检验，产品抽验率不得少于50%，务必做到入箱前检查。 \r\n 交期：2012年2月15日/工厂。       没有经过我司同意无故延期交货造成严重后果的，按照客人的相关要求处理。 \r\n 开票：出货后请将增值税发票、验货报告、合同复印件及出库单一并寄至我司，以便我司安排付款。',NULL,'3.00','468.00',NULL,NULL,NULL,NULL,NULL,NULL,NULL,NULL,'\0',4),('4028817a353b8d8e01353d39f06c005f','4028817a33ecdbf70133ee202e49000b','4028817a353b8d8e01353d32350d005a',4,NULL,'5330','be775015-234a-4504-ad52-af6af53d2a9c.jpg','全明料死模风灯，电镀花银喷紫色			\r\n			\r\n尺寸：14.5X20CM高			\r\n1只/五层内盒      12只/大箱			\r\n毛坯1月30日送',NULL,'PCS',156,NULL,'\0',NULL,NULL,NULL,NULL,NULL,'★   产品与封样无明显差异，唛头、标签及包装质量务必符合公司要求。 \r\n ★★  产品生产前期、中期、后期抽验率不得少于10%，质量和封样一致， \r\n       并将验货照片传回公司。 \r\n★★★ 重点客人的质量标准检验，产品抽验率不得少于50%，务必做到入箱前检查。 \r\n 交期：2012年2月15日/工厂。       没有经过我司同意无故延期交货造成严重后果的，按照客人的相关要求处理。 \r\n 开票：出货后请将增值税发票、验货报告、合同复印件及出库单一并寄至我司，以便我司安排付款。',NULL,'3.00','468.00',NULL,NULL,NULL,NULL,NULL,NULL,NULL,NULL,'\0',3),('4028817a353b8d8e01353d39f06c0060','19','4028817a353b8d8e01353d32350d0055',2,NULL,'5118','undefined','白金字母花纸\r\nSWEETS\r\n安全包装送祁县光华厂',NULL,'PCS',100,NULL,'\0',NULL,NULL,NULL,NULL,NULL,'1.产品的颜色、造型、尺寸、重量务必同我司封样一致；\r\n2.工厂免费提供2% 余量，以防损耗，代用包装送至指定工厂；请在外包装上注明相对应的合同号及货号；\r\n3.交期:2012年2月5日。',NULL,'3.00','300.00',NULL,NULL,NULL,NULL,NULL,NULL,NULL,NULL,'\0',2),('4028817a353b8d8e01353d39f06c0061','4028817a33ecdbf70133ee202e49000b','4028817a353b8d8e01353d32350d0057',4,NULL,'5337','673a4e11-3706-4beb-b958-ee1d7c564b3b.jpg','全明料死模风灯，电镀花银喷蓝色			\r\n 			\r\n尺寸：14.5X20CM高			\r\n1只/五层内盒      12只/大箱			\r\n毛坯1月30日送',NULL,'PCS',156,NULL,'\0',NULL,NULL,NULL,NULL,NULL,'★   产品与封样无明显差异，唛头、标签及包装质量务必符合公司要求。 \r\n ★★  产品生产前期、中期、后期抽验率不得少于10%，质量和封样一致， \r\n       并将验货照片传回公司。 \r\n★★★ 重点客人的质量标准检验，产品抽验率不得少于50%，务必做到入箱前检查。 \r\n 交期：2012年2月15日/工厂。       没有经过我司同意无故延期交货造成严重后果的，按照客人的相关要求处理。 \r\n 开票：出货后请将增值税发票、验货报告、合同复印件及出库单一并寄至我司，以便我司安排付款。',NULL,'3.00','468.00',NULL,NULL,NULL,NULL,NULL,NULL,NULL,NULL,'\0',5);

/*Table structure for table `ext_eproduct_c` */

DROP TABLE IF EXISTS `ext_eproduct_c`;

CREATE TABLE `ext_eproduct_c` (
  `EXT_EPRODUCT_ID` varchar(40) NOT NULL,
  `FACTORY_ID` varchar(40) default NULL,
  `EXPORT_PRODUCT_ID` varchar(40) default NULL,
  `CONTRACT_PRODUCT_ID` varchar(40) default NULL,
  `CTYPE` int(11) default NULL COMMENT 'SYS_CODE=0104',
  `PRODUCT_NAME` varchar(200) default NULL,
  `PRODUCT_NO` varchar(50) default NULL,
  `PRODUCT_IMAGE` varchar(200) default NULL,
  `PRODUCT_DESC` varchar(600) default NULL,
  `LOADING_RATE` varchar(30) default NULL COMMENT 'x/y',
  `PACKING_UNIT` varchar(10) default NULL COMMENT 'PCS/SETS',
  `CNUMBER` int(11) default NULL,
  `OUT_NUMBER` int(11) default NULL,
  `FINISHED` bit(1) default NULL,
  `GROSS_WEIGHT` decimal(10,2) default NULL,
  `NET_WEIGHT` decimal(10,2) default NULL,
  `SIZE_LENGTH` decimal(10,2) default NULL,
  `SIZE_WIDTH` decimal(10,2) default NULL,
  `SIZE_HEIGHT` decimal(10,2) default NULL,
  `PRODUCT_REQUEST` varchar(2000) default NULL,
  `FACTORY_NAME` varchar(200) default NULL,
  `PRICE` decimal(10,2) default NULL,
  `AMOUNT` decimal(10,2) default NULL COMMENT '自动计算: 数量x单价',
  `CUNIT` varchar(10) default NULL,
  `BOX_NUM` int(11) default NULL,
  `EX_PRICE` decimal(10,2) default NULL,
  `EX_UNIT` varchar(10) default NULL COMMENT '$/￥',
  `NO_TAX` decimal(10,2) default NULL COMMENT '收购单价',
  `TAX` decimal(10,2) default NULL COMMENT '收购单价',
  `COST_PRICE` decimal(10,2) default NULL COMMENT '自动计算=数量x含税/1.17标准值',
  `COST_TAX` decimal(10,2) default NULL COMMENT '自动计算=数量x含税-收购成本金额',
  `ACCESSORIES` bit(1) default NULL,
  `ORDER_NO` int(11) default NULL,
  PRIMARY KEY  (`EXT_EPRODUCT_ID`)
) ENGINE=InnoDB DEFAULT CHARSET=utf8;

/*Data for the table `ext_eproduct_c` */

insert  into `ext_eproduct_c`(`EXT_EPRODUCT_ID`,`FACTORY_ID`,`EXPORT_PRODUCT_ID`,`CONTRACT_PRODUCT_ID`,`CTYPE`,`PRODUCT_NAME`,`PRODUCT_NO`,`PRODUCT_IMAGE`,`PRODUCT_DESC`,`LOADING_RATE`,`PACKING_UNIT`,`CNUMBER`,`OUT_NUMBER`,`FINISHED`,`GROSS_WEIGHT`,`NET_WEIGHT`,`SIZE_LENGTH`,`SIZE_WIDTH`,`SIZE_HEIGHT`,`PRODUCT_REQUEST`,`FACTORY_NAME`,`PRICE`,`AMOUNT`,`CUNIT`,`BOX_NUM`,`EX_PRICE`,`EX_UNIT`,`NO_TAX`,`TAX`,`COST_PRICE`,`COST_TAX`,`ACCESSORIES`,`ORDER_NO`) values ('042fa1e9-e613-435e-b7bf-f804e005cb2c','16','c97bced5-3921-4e1c-8464-78a444f0f92d',NULL,NULL,NULL,'2976',NULL,'彩盒，新菲林\r\n配明料糖缸带盖子\r\n彩盒尺寸：25.7X25.7X35.7CM',NULL,'PCS',144,NULL,NULL,NULL,NULL,NULL,NULL,NULL,NULL,NULL,'3.90','561.60',NULL,NULL,NULL,NULL,NULL,NULL,NULL,NULL,NULL,NULL),('06065f21-dfd6-486f-bd07-b81101763f64','16','6bea6f74-8038-4533-b048-29e4c7db6b3c',NULL,NULL,NULL,'2964',NULL,'彩盒，新菲林\r\n配全明料糖缸带盖子\r\n彩盒尺寸：22.5X22.5X48.5CM',NULL,'PCS',144,NULL,NULL,NULL,NULL,NULL,NULL,NULL,NULL,NULL,'4.00','576.00',NULL,NULL,NULL,NULL,NULL,NULL,NULL,NULL,NULL,NULL),('0f72cfe4-f5a1-46c7-9cf8-0aeeda1c8f0b','16','fdc1617f-75f6-42b4-8929-bd33c44b2ba2',NULL,NULL,NULL,'2965',NULL,'彩盒，新菲林\r\n配全明料糖缸带盖子\r\n彩盒尺寸：20X20X41CM',NULL,'PCS',144,NULL,NULL,NULL,NULL,NULL,NULL,NULL,NULL,NULL,'3.20','460.80',NULL,NULL,NULL,NULL,NULL,NULL,NULL,NULL,NULL,NULL),('1627bf8a-bbae-4536-ab75-cf4f08cac515','19','ac5d6132-319a-42db-94e5-f3adb3067e9d',NULL,NULL,NULL,'JK1014003',NULL,'低温鱼花纸\r\n明料盘子\r\n\r\n送祁县天顺厂',NULL,'PCS',1200,NULL,NULL,NULL,NULL,NULL,NULL,NULL,NULL,NULL,'3.80','4560.00',NULL,NULL,NULL,NULL,NULL,NULL,NULL,NULL,NULL,NULL),('3cb4a915-3cab-4247-bc56-02625507152e','16','c97bced5-3921-4e1c-8464-78a444f0f92d',NULL,NULL,NULL,'2976',NULL,'彩盒，新菲林\r\n配全明料糖缸带盖子\r\n彩盒尺寸：21.5X21.5X41CM',NULL,'PCS',144,NULL,NULL,NULL,NULL,NULL,NULL,NULL,NULL,NULL,'3.30','475.20',NULL,NULL,NULL,NULL,NULL,NULL,NULL,NULL,NULL,NULL),('49c49884-b401-43b0-a780-f4d907571c4a','16','f53e44a3-e84b-4943-b8bf-c96b256da520',NULL,NULL,NULL,'2965',NULL,'彩盒，新菲林\r\n配全明料糖缸带盖子\r\n彩盒尺寸：20X20X41CM',NULL,'PCS',144,NULL,NULL,NULL,NULL,NULL,NULL,NULL,NULL,NULL,'3.20','460.80',NULL,NULL,NULL,NULL,NULL,NULL,NULL,NULL,NULL,NULL),('5dfaf0d8-9562-420c-bf86-36a3a8ee77fd','19','29ad1508-fe8a-435a-9887-a80071f27b0d',NULL,NULL,NULL,'JK1014006',NULL,'套6彩色花纸\r\n明料低口杯\r\n祁县宏艺厂',NULL,'SETS',300,NULL,NULL,NULL,NULL,NULL,NULL,NULL,NULL,NULL,'9.00','2700.00',NULL,NULL,NULL,NULL,NULL,NULL,NULL,NULL,NULL,NULL),('77ac7493-9d90-4315-8ecd-c4705fd8cc9d','16','e414fa24-2dce-4119-803f-48e06cd46d65',NULL,NULL,NULL,'2976',NULL,'彩盒，新菲林\r\n配全明料糖缸带盖子\r\n彩盒尺寸：21.5X21.5X41CM',NULL,'PCS',144,NULL,NULL,NULL,NULL,NULL,NULL,NULL,NULL,NULL,'3.30','475.20',NULL,NULL,NULL,NULL,NULL,NULL,NULL,NULL,NULL,NULL),('9e68092c-5b24-4eb0-9d47-cdebeee1b4b0','16','e414fa24-2dce-4119-803f-48e06cd46d65',NULL,NULL,NULL,'2976',NULL,'彩盒，新菲林\r\n配明料糖缸带盖子\r\n彩盒尺寸：25.7X25.7X35.7CM',NULL,'PCS',144,NULL,NULL,NULL,NULL,NULL,NULL,NULL,NULL,NULL,'3.90','561.60',NULL,NULL,NULL,NULL,NULL,NULL,NULL,NULL,NULL,NULL),('bf024a76-669c-4960-a7ea-92e3104313ff','19','8bab1082-3a69-469a-8754-736130cfb5c7',NULL,NULL,NULL,'JK1014005',NULL,'低温鱼花纸\r\n明料低口杯\r\n祁县宏艺厂',NULL,'PCS',1800,NULL,NULL,NULL,NULL,NULL,NULL,NULL,NULL,NULL,'1.20','2160.00',NULL,NULL,NULL,NULL,NULL,NULL,NULL,NULL,NULL,NULL),('d55f7a39-8d86-493c-962d-07826177f589','19','e1b03127-4727-4885-a14f-6f411f8036c5',NULL,NULL,NULL,'JK1080766-3',NULL,'套3白花纸\r\n\r\n送祁县宏艺厂',NULL,'SETS',600,NULL,NULL,NULL,NULL,NULL,NULL,NULL,NULL,NULL,'0.60','360.00',NULL,NULL,NULL,NULL,NULL,NULL,NULL,NULL,NULL,NULL),('d75a0e32-086c-4238-8522-13e76d71f37a','19','b2781038-640d-4da3-97e2-ba01dacd9456',NULL,NULL,NULL,'JK1014001',NULL,'低温鱼花纸\r\n明料大碗\r\n送祁县宏艺厂',NULL,'PCS',1000,NULL,NULL,NULL,NULL,NULL,NULL,NULL,NULL,NULL,'2.40','2400.00',NULL,NULL,NULL,NULL,NULL,NULL,NULL,NULL,NULL,NULL),('ea68f0e7-b30f-4126-a0e3-b56f039aca0a','16','e6695d62-3b4f-4f71-a304-7856848b4cbe',NULL,NULL,NULL,'2964',NULL,'彩盒，新菲林\r\n配全明料糖缸带盖子\r\n彩盒尺寸：22.5X22.5X48.5CM',NULL,'PCS',144,NULL,NULL,NULL,NULL,NULL,NULL,NULL,NULL,NULL,'4.00','576.00',NULL,NULL,NULL,NULL,NULL,NULL,NULL,NULL,NULL,NULL);

/*Table structure for table `factory_c` */

DROP TABLE IF EXISTS `factory_c`;

CREATE TABLE `factory_c` (
  `FACTORY_ID` varchar(40) NOT NULL,
  `FULL_NAME` varchar(200) default NULL,
  `FACTORY_NAME` varchar(20) default NULL,
  `CONTACTS` varchar(30) default NULL,
  `PHONE` varchar(20) default NULL,
  `MOBILE` varchar(20) default NULL,
  `FAX` varchar(20) default NULL,
  `INSPECTOR` varchar(30) default NULL,
  `CNOTE` varchar(600) default NULL,
  `ORDER_NO` int(11) default NULL,
  `STATE` int(11) default NULL,
  `CREATE_BY` varchar(40) default NULL,
  `CREATE_DEPT` varchar(40) default NULL,
  `CREATE_TIME` timestamp NULL default NULL,
  PRIMARY KEY  (`FACTORY_ID`)
) ENGINE=InnoDB DEFAULT CHARSET=utf8;

/*Data for the table `factory_c` */

insert  into `factory_c`(`FACTORY_ID`,`FULL_NAME`,`FACTORY_NAME`,`CONTACTS`,`PHONE`,`MOBILE`,`FAX`,`INSPECTOR`,`CNOTE`,`ORDER_NO`,`STATE`,`CREATE_BY`,`CREATE_DEPT`,`CREATE_TIME`) values ('1','祁县宏艺厂','宏艺','杰诚','0354-5041999','','','高琴','',NULL,0,'','',NULL),('11','祁县浩丰厂','浩丰','建生','0354-524099','','','吕波','',NULL,0,'','',NULL),('13','平遥鸿艺厂','平遥鸿艺','雄飞','0354-5940888','','','吕波','',NULL,1,'','',NULL),('16','陕西康达彩印厂','康达','袁喜','029-84528015','','','','',NULL,1,'','',NULL),('18','翰林彩印厂','翰林','孙财','029-88917456','','','','',NULL,1,'','',NULL),('2','祁县光华厂','光华','薛成','0354-5298981','','','吕波','',NULL,1,'','',NULL),('21','祁县美晶泡沫厂','美晶','范长','0354-5071387','','','','',NULL,1,'','',NULL),('3','祁县会龙厂','会龙','李伟','0354-5248696','','','李光','',NULL,1,'','',NULL),('4028817a33d4f8b40133d99621cb0023','祁县海洋厂','升华','刘生','0354-5299987','','','吕波','',NULL,1,'','',NULL),('4028817a33de41d80133e982a18a001c','太谷四通PVC厂','太谷PVC','张海','0354-6226591','','','','',NULL,1,'','',NULL),('4028817a34f93be50134f9df84470001','神舟玻璃制品有限公司','神舟厂','申定','0356-3961959','13935672348','0356-3991304','李光','',NULL,1,'','',NULL),('4028817a35e0895e0135ec7a4dbe0087','西安方圆工贸有限公司','西安方圆工贸','许涛','029-86539568','','029-86590565','','',NULL,1,'','',NULL),('4028817a371a8d7f01372a74451f0068','山西大德成工贸有限公司','铁架厂','高辉','0354-5288919','','','李光','',NULL,1,'','',NULL),('4028817a38024a04013803e3a8a2004b','祁县欣欣泡沫有限公司','祁县欣欣泡沫厂','许杰','0354-3939793','','','','',NULL,1,'','',NULL),('4028817a38736298013874c51a800036','汇融玻璃有限公司','展鹏厂','厂长','0354-5326986','13834893800','0354-5826197','李光','',NULL,1,'','',NULL),('4028817a39b2b37f0139b46268c40025','祁县馨艺玻璃厂','馨艺','袁长','0354-5041938','','','李光','',NULL,1,'','',NULL),('4028817a3aa9f950013ab97f64110053','温县致远玻璃制品有限公司','温县致远厂','红升','18936896666','','','','',NULL,1,'','',NULL),('4028817a3ae2ac42013ae3550357000d','临潼华清蜡厂','临潼华清蜡厂','吴波','13791903888','','','','',NULL,1,'','',NULL),('6','祁县泰宇厂','泰宇','立东','0354-5299160','','','','',NULL,1,'','',NULL),('8','祁县天诚厂','天诚','庞正','0354-5299539','','','','',NULL,1,'','',NULL),('d767ac5e-8bb1-455e-b47c-a88c92d306d3','2','7','3','8','4','9','6','5',1,1,'','',NULL);

/*Table structure for table `login_log_p` */

DROP TABLE IF EXISTS `login_log_p`;

CREATE TABLE `login_log_p` (
  `LOGIN_LOG_ID` varchar(40) NOT NULL,
  `LOGIN_NAME` varchar(30) default NULL,
  `IP_ADDRESS` varchar(20) default NULL,
  `LOGIN_TIME` datetime default NULL,
  PRIMARY KEY  (`LOGIN_LOG_ID`)
) ENGINE=InnoDB DEFAULT CHARSET=utf8;

/*Data for the table `login_log_p` */

insert  into `login_log_p`(`LOGIN_LOG_ID`,`LOGIN_NAME`,`IP_ADDRESS`,`LOGIN_TIME`) values ('00330EC5-4F2C-48BB-AFC1-ADC5CBAEB7AC','001|调试','192.168.1.110','2012-01-17 14:04:46'),('009275C9-7459-4862-B339-C7CD13C244D6','001|调试','192.168.1.110','2012-01-17 11:57:33'),('00D0157A-AD60-4856-802E-A3461F6939E0','001|调试','127.0.0.1','2011-10-07 12:37:29'),('00DA73C6-8DB4-402A-BEE0-95BDD79D0CDB','001|调试','192.168.1.103','2012-09-11 10:56:23'),('011BD53F-99AF-4B45-B23B-4E02723BE7D7','001|调试','192.168.1.106','2012-10-29 14:23:51'),('015CC22A-5C53-4597-B4AC-B51694D75C86','001|调试','192.168.1.103','2012-01-20 16:03:49'),('01970044-E8A0-41DD-A7CB-EF0E012FE798','001|调试','192.168.1.103','2012-01-18 11:40:17'),('01C6DB18-D8AC-48CE-B3F2-09BCDFD8D9A3','001|调试','127.0.0.1','2011-08-21 22:34:13'),('01F90304-E542-4B5E-9B3B-E49C17B6E891','001|调试','192.168.1.106','2011-10-18 11:15:42'),('02AF06BD-65E4-4E02-8128-9E43B2AE06B6','anonymous|','192.168.1.109','2012-08-14 09:54:00'),('02B4B900-9D3F-4306-8F54-6395FDB5234A','001|调试','192.168.1.106','2012-10-29 14:38:24'),('02E0CA26-C6E2-4C90-B94C-4CB7C63A7971','001|调试','127.0.0.1','2011-09-26 19:48:13'),('03C5ACAB-C6C4-456F-9B3D-64A80BBECADA','001|调试','127.0.0.1','2011-09-18 22:49:41'),('03ED9524-0BBA-4082-8FA6-2F6BA905A627','001|调试','127.0.0.1','2011-09-21 19:32:38'),('042027CF-496F-4C79-BDD8-F3BFC05EDBCC','anonymous|','192.168.1.114','2012-01-20 12:15:28'),('0451DE27-3C35-4054-B27B-80EC5F5303E9','001|调试','127.0.0.1','2011-08-20 00:14:17'),('0464165A-6013-4AF8-8ED3-9350369780ED','001|调试','127.0.0.1','2011-10-01 21:39:43'),('04ED9BC3-FB5F-4F89-9DF6-5F34FE0ACB26','001|调试','127.0.0.1','2011-08-26 20:19:15'),('05586466-481A-4426-A237-D06BB78FA27A','001|调试','192.168.1.110','2012-02-09 10:33:01'),('06376BC7-200F-442A-85F4-27578A9BAA54','anonymous|','192.168.1.114','2012-01-20 11:53:21'),('06767A52-69EC-430D-B15C-9BDB0952CF53','anonymous|','192.168.1.105','2012-04-16 16:00:36'),('07C0244F-BFAC-45D4-945A-91B1E7B060F4','anonymous|','192.168.1.111','2012-09-06 09:19:19'),('07D7377C-F34E-4295-A773-C62FCDE27275','001|调试','127.0.0.1','2011-09-17 22:54:46'),('0886BF0D-6CAD-499A-9B2F-27BE6AAD6232','001|调试','127.0.0.1','2011-10-01 21:03:53'),('08B680ED-D8D6-41D7-A21D-377F14A98D00','001|调试','127.0.0.1','2011-10-07 15:00:45'),('08D3AB2B-7377-4655-86CD-218CBBFDD77C','001|调试','192.168.1.115','2012-01-31 09:47:34'),('091A50DF-C09F-4CE8-9A17-895453989987','anonymous|席军','192.168.1.103','2011-12-02 17:14:41'),('09D1F647-5775-4E7A-8952-ED62C1B8CD55','001|调试','127.0.0.1','2013-03-09 22:01:46'),('0A71E925-A06B-4228-8103-468C44F235C3','001|调试','127.0.0.1','2011-09-26 22:36:06'),('0A8D201D-F56F-42E6-A87F-A6C49875A617','001|调试','192.168.1.115','2012-02-03 15:09:22'),('0ABAD9A6-CCFA-49E3-B117-7FCDC139D6FD','anonymous|杨丽','192.168.1.106','2012-03-29 16:38:46'),('0AF5FB33-34EB-4C9D-9BC4-14DE5B017249','001|调试','192.168.1.112','2012-05-21 14:34:48'),('0B2BB269-E8B5-4780-862F-19375B86D544','001|调试','192.168.1.106','2012-05-07 11:36:50'),('0C1DD696-88D1-4737-854A-639CA191E50F','001|调试','127.0.0.1','2011-10-06 18:41:57'),('0CC13A98-B1A0-45AA-A9BD-9A9ED069D37E','001|调试','127.0.0.1','2011-10-07 12:21:01'),('0CEAE7DF-318D-444B-BBC7-E5C8711F3577','001|调试','127.0.0.1','2013-02-22 13:32:48'),('0D0ACA9A-275F-40A9-9516-FA90772D7544','001|调试','192.168.1.105','2011-11-14 08:28:58'),('0E0BED1C-7D64-4899-B2A7-BCB7917A369D','anonymous|','192.168.1.105','2012-04-17 11:15:20'),('0E3C46A5-DAA2-48B4-BEB9-522572D133B4','001|调试','127.0.0.1','2011-10-06 18:32:21'),('0E3D4123-DE0E-48A5-80E9-3BA0DA0C202A','anonymous|张玉杰','192.168.1.105','2011-11-14 08:34:43'),('0ED653F4-2450-4E0E-BF82-775E9C5A85BA','001|调试','127.0.0.1','2011-09-17 21:22:18'),('1018CA16-0828-49D3-AD73-065C88FC3A99','001|调试','127.0.0.1','2011-10-05 01:19:13'),('103546FD-CF89-4593-946F-0167A9BE4578','001|调试','127.0.0.1','2013-03-09 23:00:03'),('108ABD5F-F9C0-48B9-9614-6EF6104DE2AC','anonymous|','192.168.1.112','2012-05-02 10:08:39'),('109F777E-EFC7-4814-9D3E-69BA7201C62F','anonymous|演示','127.0.0.1','2013-03-07 16:53:01'),('10E293A2-FF4C-47B4-9C69-DA544C26DE2B','001|调试','192.168.1.110','2012-01-16 09:25:30'),('1114E38F-3DB2-4708-8D4D-46C94F6811DB','001|调试','127.0.0.1','2011-08-27 21:13:31'),('112F4543-9FFC-4093-9D14-A9B5F1BE87F2','001|调试','192.168.1.104','2012-11-02 15:48:32'),('1159EC64-F65C-487A-A185-D692F974B8BF','anonymous|','192.168.1.112','2012-05-02 14:19:27'),('11682A60-421D-497C-937B-F5CA404068A0','001|调试','192.168.1.104','2012-06-19 11:06:48'),('1177E8CC-25F2-4E93-B351-4943819AC267','anonymous|','192.168.1.101','2012-08-31 09:58:27'),('11D879B0-F163-458D-A9AB-7229729F599E','001|调试','127.0.0.1','2011-08-27 14:45:31'),('129377A4-C8BA-4C1F-A1C2-B19EE02DE982','001|调试','192.168.1.110','2012-01-17 11:59:07'),('12A0B150-BF96-4E05-95ED-2019E47CE750','001|调试','192.168.1.102','2011-09-24 10:06:36'),('12C6D077-62C1-46BF-8FC2-249394E50919','001|调试','127.0.0.1','2011-09-23 00:11:44'),('131B77E1-F97B-48A5-A58F-9F873F3447E5','001|调试','192.168.1.115','2012-02-02 14:44:12'),('1323C4C0-8387-4227-A086-66A3614A0AD5','001|调试','192.168.1.115','2012-02-03 09:24:53'),('13531B13-BD61-4223-82CB-1CDD91CE70DC','anonymous|','192.168.1.112','2012-07-26 09:29:12'),('135EB6E9-D6FF-43CD-B5A5-3EA4AB3A8C79','001|调试','192.168.1.103','2012-10-18 11:27:15'),('1397A21A-407C-4713-AF9E-161C9A90A4E2','anonymous|','192.168.1.112','2012-07-26 09:07:27'),('13BDDADC-7D6E-4918-92F7-91F96D3C9EF1','anonymous|','192.168.1.112','2012-06-01 15:04:02'),('13BFDEC8-A223-4882-AB91-887250C3FC04','anonymous|杜娟丽','192.168.1.103','2012-09-14 16:36:59'),('14149700-5698-495E-8C52-1A20660C6FF9','001|调试','127.0.0.1','2011-08-27 22:21:07'),('141BCA03-BB2B-4B87-9108-61295E1FE487','001|调试','127.0.0.1','2011-08-21 22:35:21'),('14351CBC-C434-4AF9-980D-37BB0C3F76E1','001|调试','192.168.1.115','2012-02-01 09:55:59'),('146892A3-C818-41C3-8698-8C7D760C4340','001|调试','127.0.0.1','2011-08-21 23:10:08'),('14748A0B-5977-4AA7-A68E-4C4256A01BF2','001|调试','127.0.0.1','2011-09-25 18:27:58'),('151E09DC-F651-42D9-A298-27EEF6ACFB28','001|调试','192.168.1.100','2012-06-27 09:39:42'),('15C183E1-9500-4BFF-AFB4-31C4B844BAE6','001|调试','127.0.0.1','2011-08-27 23:44:15'),('168854EA-C92D-45F4-8EB4-166596335B52','001|调试','192.168.1.106','2012-05-08 11:16:25'),('168B7ADB-632C-4A4E-BAB0-2D21EFCFE0A0','001|调试','127.0.0.1','2011-09-16 21:21:13'),('16ED96D0-C008-4DCE-B880-50CF0472F542','anonymous|','192.168.1.107','2012-11-08 09:40:07'),('175CA69C-B542-4B4D-A67F-B3340807B8AA','anonymous|','192.168.1.111','2012-09-06 13:40:45'),('17618DFE-5517-4242-9405-699FF9F2B973','anonymous|田燕','192.168.1.110','2012-10-29 13:52:44'),('1770D63E-404D-450F-8F76-9089D619CC18','001|调试','192.168.1.104','2012-06-19 15:57:30'),('186B6DAF-8F56-4FF7-A646-84C30D1A6D53','001|调试','192.168.1.106','2012-10-30 16:07:01'),('18AAF7D8-F795-4378-8975-9E3F429E96C3','001|调试','192.168.1.109','2012-11-23 10:51:27'),('1933F97A-B042-49AA-8A1A-3FA631580CC4','anonymous|','192.168.1.112','2012-07-26 09:16:16'),('1991B0B9-D32A-48F5-8F49-2B0D4573A66B','001|调试','127.0.0.1','2011-10-06 12:26:16'),('19983FE7-E249-4881-BC15-40586848A546','anonymous|','127.0.0.1','2012-11-27 11:06:36'),('19A278AD-5614-4F6B-8720-CE4035A64AF2','anonymous|田燕','192.168.1.110','2012-10-29 13:23:39'),('19E76666-BFDE-4D59-B32F-11CAEF51C42E','001|调试','127.0.0.1','2011-10-07 00:15:54'),('19FFE3B2-63F9-49F6-B0A1-3451B5BAD496','001|调试','192.168.1.115','2012-01-31 13:47:26'),('1A5012E7-CA72-4D2C-9BD2-D72DAEC79D83','001|调试','127.0.0.1','2011-10-07 12:27:43'),('1AB04EC8-96CA-411D-B0CF-AC867CEF331C','001|调试','192.168.1.106','2012-10-30 11:33:45'),('1B08FD11-BCE1-434E-AA99-9635471EFF7B','001|调试','192.168.1.106','2012-10-29 17:11:33'),('1B38E3E3-1DAF-4853-A283-092BDC876E2F','001|调试','127.0.0.1','2011-10-07 16:41:47'),('1B5FC7D3-E84D-40CC-ABD9-730CEB476307','001|调试','127.0.0.1','2011-09-28 22:57:58'),('1B655B21-9D3B-46EA-AEAF-F3F62C74BBCF','001|调试','127.0.0.1','2011-10-06 10:26:07'),('1BAEFFE6-CA02-4949-8A75-6419333D4E36','anonymous|','192.168.1.250','2012-07-11 15:31:17'),('1BBDE9CC-0C89-46D7-B691-21CB6682D1D9','001|调试','192.168.1.100','2012-07-11 10:23:58'),('1BBE3A3C-F7B6-4878-8871-BEFC5A4AB270','001|调试','127.0.0.1','2011-10-07 00:33:29'),('1BC989D7-FF9E-4A3D-BB57-7778FC89A263','001|调试','192.168.1.102','2012-07-23 10:35:14'),('1BDDB409-D790-43C9-BCAE-0777FC6CDAC7','anonymous|杜娟丽','192.168.1.103','2012-09-14 16:43:18'),('1C2BF2D9-A00D-4E5E-9FFB-3589D15FF16A','001|调试','192.168.1.115','2012-02-02 13:21:50'),('1C51A4E6-7CA4-425D-BD32-551881479CFA','001|调试','127.0.0.1','2011-10-04 10:52:42'),('1CFF71C5-A753-458A-8F52-F838900F4A24','anonymous|','192.168.1.103','2011-10-18 10:05:13'),('1D7D0E31-F4B6-4EF4-AEE6-3ACE7DA9A48B','001|调试','192.168.1.102','2012-07-23 09:42:56'),('1D92740F-D0E8-4929-833B-D602FD204C47','001|调试','192.168.1.110','2012-01-31 10:36:15'),('1E38770B-6150-4034-940D-7609B47C88A6','001|调试','192.168.1.104','2012-06-19 16:36:14'),('1EF9FE75-F6D4-477D-86B0-14F73CDD0D6D','001|调试','192.168.1.103','2012-10-19 11:36:35'),('1F271A0B-EDB1-4A55-B5FE-9837A35C2395','001|调试','192.168.1.103','2012-09-11 15:24:37'),('1F9472E3-1B37-42EF-BABD-8228D5A60DF2','001|调试','127.0.0.1','2011-08-27 21:44:31'),('1FE8AD39-6AB0-414F-9F72-E7F291D5EE40','001|调试','192.168.1.115','2012-01-30 13:31:47'),('200B153D-90F3-427E-B5F3-5CB430319920','001|调试','127.0.0.1','2011-08-21 09:59:00'),('201AA7F0-8E85-400E-B7E7-885D64278CB9','001|调试','192.168.1.105','2011-09-24 10:33:32'),('201CB44A-B244-446F-81AC-4136153DB008','001|调试','127.0.0.1','2011-09-26 20:29:12'),('207D9A59-7330-4DB4-9704-A0CFF584FDBF','001|调试','192.168.1.103','2011-11-26 13:22:48'),('20D09711-D3E2-40BA-8AFD-DEC5F7F7F4C6','001|调试','127.0.0.1','2011-10-03 08:47:39'),('2120970A-1335-4FE0-81E2-A3698C1F3563','001|调试','127.0.0.1','2011-09-17 23:46:45'),('21228B54-D00F-40E6-8CAE-8652DC811188','001|调试','192.168.1.102','2012-09-19 09:48:07'),('21337851-620C-4E31-ADA1-08F9D692E076','001|调试','127.0.0.1','2011-10-02 00:34:26'),('2191758C-872C-4B0B-9FBF-55A6F10126FD','anonymous|','127.0.0.1','2012-11-27 10:55:03'),('21DE607B-0E68-4EE1-9C65-8D55526B1382','liuxiaoshan|刘晓山|刘晓山','192.168.1.107','2012-05-02 17:19:08'),('21F1856C-9B48-4B27-9A9D-460B3868D192','anonymous|','192.168.1.107','2012-11-08 09:12:08'),('220336B2-7FD2-458D-8426-50A88D8868E2','001|调试','127.0.0.1','2012-11-27 11:24:25'),('228A0984-5BE4-4FFF-B5C4-A09ECB8A46F2','001|调试','192.168.1.100','2012-07-11 11:04:11'),('22DA6C12-23B0-4A34-928A-11732D9BD218','001|调试','192.168.1.106','2012-10-29 14:42:08'),('23661154-F280-43FC-BA18-C445FFBCF40D','001|调试','127.0.0.1','2013-03-09 23:30:16'),('237D9844-5C50-4843-AEDD-98DE912C08B5','001|调试','192.168.1.115','2012-01-31 13:54:07'),('2424F2EA-0768-45FF-B9B5-9448B8364EC8','001|调试','127.0.0.1','2013-03-09 23:30:31'),('24652510-1930-45D1-BAA5-5D4D2144F8D2','001|调试','192.168.1.115','2012-02-03 11:59:03'),('24894E43-794A-41A3-A012-8F0406BEAF94','anonymous|','192.168.1.250','2012-07-11 15:17:12'),('2492ABB0-20F4-400F-908F-1EA295674998','001|调试','192.168.1.115','2012-01-31 12:01:31'),('24B15961-1603-4152-A68B-F99301FE52E3','anonymous|席军','192.168.1.103','2011-12-05 10:06:14'),('25FB47F1-7F86-4DB0-AC4B-66339043C08C','001|调试','127.0.0.1','2011-08-21 20:23:18'),('26473199-8658-4F7F-8C68-2C27EDA43C95','001|调试','192.168.1.100','2012-07-11 14:20:30'),('264D1896-41C8-4F62-974E-33E0EABDAA3E','001|调试','192.168.1.114','2012-03-31 17:40:35'),('26573894-76D2-4798-B05B-5E0C0CB4DD65','001|调试','192.168.1.103','2011-11-26 13:15:12'),('269CEFEB-67A3-481F-9142-DF15E6C7202E','anonymous|田燕','192.168.1.103','2012-09-10 11:40:47'),('27255170-0926-42DD-BF8B-45D20D69B4D1','anonymous|','192.168.1.112','2012-03-23 18:00:01'),('275B005C-E72E-4281-A6D1-2CD389AC4D78','anonymous|','192.168.1.107','2012-11-08 10:12:30'),('2808E396-34EA-4B01-8ECB-0B72B94A5164','anonymous|','192.168.1.250','2012-07-11 14:52:24'),('29A6FD8E-3F69-4EEC-A5C4-0706C227BB52','001|调试','192.168.1.106','2012-05-07 11:37:38'),('29CA2D77-25BA-4987-8AD1-DBA6AD3637D9','001|调试','127.0.0.1','2011-08-24 23:33:40'),('29E5F036-ABB5-49B5-92EA-57CD9A077C84','anonymous|田燕','192.168.1.110','2012-10-29 13:32:58'),('2A00E72F-8DEB-413D-BC84-2B87D4DAB0D4','001|调试','127.0.0.1','2011-08-21 11:21:12'),('2A5FCFE6-C252-44B7-B980-51A2F514EA26','001|调试','192.168.1.104','2012-11-02 15:18:56'),('2A723397-F714-42EF-9F01-06FD4AED1C48','001|调试','127.0.0.1','2011-08-21 22:26:22'),('2AFE3F35-5AB3-45B8-ACAC-2787AE781149','001|调试','127.0.0.1','2011-08-21 09:22:27'),('2B12F143-58A4-4E8C-886C-DB1BCF40725B','001|调试','192.168.1.110','2012-02-16 16:27:56'),('2B2C5E4F-19ED-4D8C-BF25-A7BD1395A5A4','001|调试','127.0.0.1','2011-10-06 17:12:23'),('2B39C82C-C07D-4414-8683-5A24E5160708','001|调试','192.168.1.106','2012-10-30 09:46:59'),('2B63F315-7BA2-4E7C-8D34-FD807D8FD294','anonymous|','192.168.1.109','2012-08-14 09:31:03'),('2BBB1453-BF9D-4012-A088-5636711B800E','001|调试','192.168.1.115','2012-01-21 09:00:40'),('2BC77AB7-5AE2-4775-B921-A2988D1F4330','anonymous|杜娟丽','192.168.1.107','2012-10-30 16:18:25'),('2BC9E787-7CCB-494B-921F-81DDAA84BBC9','anonymous|杜娟丽','192.168.1.117','2012-02-15 17:25:09'),('2C05F161-0CF9-4142-ABD1-DF151D1686DB','001|调试','192.168.1.110','2012-02-27 10:52:13'),('2C316061-4B54-42E2-BBB9-B348254250E8','001|调试','127.0.0.1','2011-08-19 22:59:09'),('2C3B9D8C-5837-47D2-A51B-085742BC3246','001|调试','127.0.0.1','2011-10-03 09:00:48'),('2CAA2DB1-7038-47F6-9ED8-930DC93C5FC7','001|调试','192.168.1.103','2012-09-11 11:14:38'),('2CD25F48-1E15-4BB3-998C-E686C2BF975C','001|调试','192.168.1.110','2012-01-18 13:55:13'),('2CE7EBAA-F0BC-44AD-A3FA-A549378C6987','001|调试','192.168.1.102','2011-09-24 10:21:22'),('2D05D3DF-A38D-4886-8658-9F2F4470F22A','001|调试','127.0.0.1','2011-08-21 18:38:44'),('2D475E0C-F15E-4ED0-98C9-75EFB1F16314','anonymous|','192.168.1.114','2012-05-17 11:25:09'),('2D54E569-6F8B-4281-B3A0-404F7026E2F8','anonymous|杜娟丽','192.168.1.107','2012-10-31 14:28:03'),('2D5ADBFC-2675-4415-92F8-1BF82FF34463','001|调试','127.0.0.1','2011-09-21 20:09:38'),('2D77EEA3-EABC-428E-8DE1-E8748B82A393','anonymous|','192.168.1.106','2012-09-14 09:20:26'),('2DABB6F3-DB4F-4707-BF9C-A9385E352A47','anonymous|田燕','192.168.1.110','2012-10-29 14:07:55'),('2DB43E71-B5A2-471A-B242-968058C117A0','anonymous|','127.0.0.1','2012-11-27 10:52:46'),('2E3E9EE3-91B3-4F15-B46B-AB70DB44D475','001|调试','192.168.1.109','2012-11-23 15:32:02'),('2E68F221-90A0-447F-9645-51ECF0C528AB','anonymous|','192.168.1.114','2012-01-20 11:58:43'),('2EC56A38-103E-4955-A74D-D251C6631A55','001|调试','127.0.0.1','2011-10-18 09:42:25'),('2FEE3C8B-97BA-4C2C-A533-95C62D75BD6E','anonymous|','192.168.1.107','2012-05-02 15:11:24'),('2FF8499A-6EAD-4548-BEE9-0CA7DDB48484','001|调试','192.168.1.104','2012-06-19 16:07:22'),('3004CDF0-3AC6-458C-BC62-AF5B6C7F601D','001|调试','127.0.0.1','2011-08-21 20:12:20'),('3012147C-9F5B-4FEF-9CDF-882E0E3E2875','anonymous|田燕','192.168.1.110','2012-10-29 13:13:23'),('3017ACD7-8D6E-449E-827D-3540A8178AFF','001|调试','127.0.0.1','2011-08-27 11:45:24'),('301CADBD-923A-47DD-B705-114A4773571E','001|调试','192.168.1.110','2012-01-18 16:08:47'),('307270B4-10AA-4752-BE69-E1F7C1DCE976','001|调试','127.0.0.1','2011-10-03 08:35:09'),('30ACD6F4-D048-4811-912E-6D6809EBE4B4','001|调试','127.0.0.1','2011-08-28 11:40:22'),('30F95314-499F-4CB7-9E00-BB81AE7D3056','001|调试','192.168.1.115','2012-01-29 14:05:28'),('31123A9E-A283-4D66-B489-82C7F3363BBC','001|调试','192.168.1.109','2012-11-23 09:51:53'),('31980BD3-FB24-4995-B8A7-1FFF59E461DA','001|调试','192.168.1.103','2011-10-18 10:10:30'),('31A64C2A-77DE-4019-815E-E43A39E4AAEE','001|调试','127.0.0.1','2011-10-04 23:01:46'),('31CAFFF3-C60C-4D42-B984-57F36B744687','001|调试','127.0.0.1','2011-09-26 00:18:49'),('3207E308-BA72-400A-9502-221776DB9C35','anonymous|席军','192.168.1.103','2011-12-02 17:15:22'),('322DAB4D-BECF-44B7-A47B-9685D4EDC894','001|调试','192.168.1.102','2011-09-24 10:00:26'),('32B8F34E-E3F4-47B7-BFBD-A62E16B3908F','001|调试','192.168.1.110','2012-01-13 15:43:35'),('33585EF7-72B6-4045-9372-1054069BE70E','001|调试','192.168.1.114','2012-04-01 13:52:06'),('3396FDD3-58A0-4E09-A939-0D36BC5799A6','001|调试','127.0.0.1','2011-09-28 23:03:46'),('33ECC45B-E6D2-449D-BE4D-F679345A335C','001|调试','127.0.0.1','2011-10-07 13:00:08'),('351944AC-38F7-44E4-9CEB-E004115DDF43','001|调试','192.168.1.106','2012-10-30 13:42:57'),('354EAEB5-F559-4318-B9B1-6DCE6FEEE7C3','001|调试','192.168.1.109','2012-11-23 09:35:23'),('3575CB46-95ED-4B0F-8E1A-A8F391BFCCCD','001|调试','192.168.1.109','2012-11-09 10:19:23'),('35898414-7715-44EA-9756-8B0862E31302','anonymous|杜娟丽','192.168.1.117','2012-02-15 17:48:34'),('35C0536F-C3A5-4EAF-A011-83612EB473C8','001|调试','192.168.1.110','2012-02-14 10:58:01'),('363812C2-DDFD-44E7-B474-E5DC90D639BF','001|调试','127.0.0.1','2011-09-18 14:18:59'),('364F49C2-3367-4717-874C-78444AC13818','anonymous|','192.168.1.112','2012-03-23 18:09:55'),('36EA9239-F568-40EC-AC3D-8BC20FD0EE5F','001|调试','127.0.0.1','2011-10-06 23:57:13'),('37009E43-C1C5-4305-A4C3-EA36D95BC5B6','anonymous|田燕','192.168.1.110','2012-10-29 12:57:52'),('370F8792-2AEF-48EE-9F96-E5C5538D6131','001|调试','127.0.0.1','2011-10-01 20:30:28'),('3718C124-5F93-4786-8E18-6EF70E9FEB10','001|调试','192.168.1.109','2012-11-09 10:37:42'),('375076D6-2835-40B2-A832-7D61E0B1D557','001|调试','192.168.1.102','2011-09-24 10:03:17'),('3783FB98-7D1D-4500-B9AB-C2808FA90F91','anonymous|','192.168.1.112','2012-03-23 18:00:01'),('383B8C8B-6EC5-40ED-9E26-8D75DF7E3AB3','001|调试','192.168.1.106','2012-05-05 09:57:13'),('38B3158C-947C-4413-8487-EE381D3DB125','001|调试','127.0.0.1','2011-10-07 01:56:45'),('390FD75A-9698-4D9A-A649-00D6C32221DE','001|调试','192.168.1.112','2012-05-17 11:19:59'),('395471C7-BEB7-46E4-8B4C-ED97BBBCFFDE','001|调试','127.0.0.1','2011-10-01 18:36:30'),('3B180289-F46D-4CBB-A156-66F80B9CB3AE','001|调试','192.168.1.106','2012-05-05 11:45:51'),('3B5EE029-4C94-4A38-B027-73776B14D464','001|调试','192.168.1.102','2012-09-19 10:44:00'),('3BC7C2E2-D054-4883-ADFB-C14B76F6C656','001|调试','192.168.1.115','2012-01-31 13:24:29'),('3CB24C26-AAD5-443D-89C4-BDC69B95A745','anonymous|','192.168.1.111','2012-09-06 10:05:59'),('3D585F12-C8FC-42EE-9BB1-2052258A755A','001|调试','192.168.1.103','2012-09-11 11:01:03'),('3DE2D3DF-699A-4AB1-A5E3-C60E10A05A46','anonymous|席军','192.168.1.103','2011-12-02 14:10:45'),('3E315916-5B39-49F9-9CD8-096FAE73E73C','anonymous|','192.168.1.103','2012-05-17 08:45:54'),('3E553D1D-CF27-4FCA-837A-5F5004DB2206','anonymous|','192.168.1.107','2012-05-02 16:08:37'),('3E8A6DD2-CD6D-44B3-BBF4-EEFC4C935BF4','001|调试','127.0.0.1','2011-08-21 19:53:47'),('3E8C4B3B-54DF-4446-89A4-596AEE9B1092','anonymous|','192.168.1.103','2012-05-17 10:49:41'),('3EE2FF28-128A-42AA-B6D3-F6FF5780C202','001|调试','127.0.0.1','2011-10-06 17:53:30'),('3EE5ADD6-9C81-464E-8763-25761411DC3A','anonymous|杜娟丽','192.168.1.117','2012-02-15 15:02:22'),('3FCC961F-77A8-4799-8438-F4D59C5869E0','anonymous|杨丽','192.168.1.106','2012-03-29 16:31:57'),('3FCEE369-9FEC-4777-B1A7-C30A65957338','anonymous|','192.168.1.104','2011-10-31 08:24:19'),('3FCFD611-252A-4394-8619-D99954FFF6E0','001|调试','192.168.1.114','2012-03-31 16:07:05'),('3FDB6D6A-1018-4DEF-B3EB-1E7D049624D9','001|调试','192.168.1.110','2012-01-13 17:01:18'),('40234015-D7AD-4BF2-AB40-1D94288581FD','001|调试','192.168.1.115','2012-02-03 16:01:58'),('403F1176-00FE-48BE-8E12-F198E2386EE7','001|调试','127.0.0.1','2011-08-24 23:37:40'),('40865F80-E37D-48F9-AA82-57B09AF0A82C','001|调试','192.168.1.115','2012-01-31 13:47:51'),('426C3C26-AA4F-415E-B878-5900BCDD3DC6','001|调试','127.0.0.1','2013-03-09 23:33:34'),('42E5C875-C6E1-40B5-B761-41886A3DE524','001|调试','127.0.0.1','2011-08-21 17:51:06'),('42ED3BDD-54FA-4A48-9248-37609E8EFC41','anonymous|','192.168.1.103','2012-05-17 09:15:51'),('43068DB6-11D5-45BA-993F-BFD99C885712','001|调试','127.0.0.1','2011-09-14 20:13:49'),('439F16C1-3AF0-4765-9679-A7D5AE5E95C9','anonymous|杨丽','192.168.1.106','2012-03-29 16:36:13'),('44EF6141-6ABA-4F48-8C87-2E61E6A1672E','001|调试','127.0.0.1','2011-08-20 22:50:53'),('45430562-13B1-4ADA-8203-30E6A6D32260','001|调试','127.0.0.1','2011-09-04 09:13:09'),('457D45ED-70D5-4317-BE39-DCA24D510DCD','anonymous|杨丽','192.168.1.106','2012-03-30 09:12:27'),('45B4BB2F-0F8B-47E0-97F7-9B261D36DE9A','001|调试','127.0.0.1','2012-11-27 11:38:20'),('463031C6-2A53-4470-8AD9-8A80EAEA9C0E','liuxiaoshan|刘晓山|刘晓山','192.168.1.107','2012-05-02 17:19:53'),('46A7E187-2670-4957-8034-A47A4B6873F2','001|调试','127.0.0.1','2011-08-22 23:32:51'),('46D48948-8A15-4C4E-9726-526D6E08556F','001|调试','192.168.1.103','2012-10-18 16:27:06'),('47980F1D-1B30-4D92-9DBE-B4C031B7BB43','001|调试','127.0.0.1','2011-08-27 12:07:59'),('47A44E8B-0001-4624-B728-051966DFB3B8','001|调试','127.0.0.1','2011-09-06 16:13:03'),('47B43958-A874-4F23-A43A-8CBA063A3899','001|调试','127.0.0.1','2011-08-27 11:59:43'),('47F1633E-F2AF-43A0-9C84-BFA4C8EF9AD5','001|调试','127.0.0.1','2011-10-05 08:19:06'),('48ED0172-6E12-4B23-AAF2-BB35F98C4924','001|调试','127.0.0.1','2011-09-25 23:26:23'),('48F0886B-32A9-47A1-B6BB-49EBA31761F1','001|调试','127.0.0.1','2011-10-06 16:45:51'),('49349870-4E61-421E-8DBA-0B4FB9CDA90D','001|调试','127.0.0.1','2011-08-27 22:08:26'),('4A19FE79-C846-4B59-AE31-1AAF089B671F','001|调试','192.168.1.103','2012-01-20 15:33:16'),('4A245A22-6647-41F9-93F1-343F75F8E5BA','anonymous|杨丽','192.168.1.105','2011-11-04 16:06:38'),('4A8315A7-BF69-4832-A987-3D652FC1CB70','anonymous|杜娟丽','192.168.1.103','2012-09-14 16:34:34'),('4A91C497-7179-44BC-B043-A8EE81A6B7B6','anonymous|席军','192.168.1.103','2011-12-02 12:17:05'),('4AC5113C-442A-47F3-A699-4F18396F6156','anonymous|','192.168.1.114','2012-01-20 11:51:47'),('4ADFDFF0-FBBD-4EC6-B452-EC30A5F20E7F','001|调试','192.168.1.115','2012-02-03 10:05:42'),('4B057C80-5E9B-4FA3-9214-C5525BC99655','anonymous|','192.168.1.112','2012-06-01 15:57:20'),('4B3339D6-8FDF-4A80-A5D7-B8DE58E56CAD','001|调试','192.168.1.115','2012-02-02 08:55:56'),('4B8C7A1B-BB50-4180-87E2-998AE790B85D','001|调试','127.0.0.1','2011-10-06 17:46:04'),('4C7B3E46-9DF8-42B0-A461-B74A1FBDF745','001|调试','127.0.0.1','2011-08-30 06:33:37'),('4CD33CE0-2FF9-4A61-8A89-646628045D66','001|调试','192.168.1.106','2012-10-30 15:57:17'),('4D0CA543-EF7C-4A86-AB79-265308123C1D','001|调试','192.168.1.110','2012-02-09 10:49:46'),('4D672DA9-276C-46A9-942D-DBF7C344A31A','anonymous|杜娟丽','192.168.1.117','2012-02-15 14:46:29'),('4DAAEA8B-ED71-40C4-AACC-C81DF580DB5E','anonymous|席军','192.168.1.103','2011-12-02 13:50:03'),('4DD7A416-1D2F-4A4C-A41B-F4C7B8AB7086','anonymous|','192.168.1.107','2012-11-08 11:27:01'),('4DDEBB5E-2049-4C9F-8192-7551428F5B64','001|调试','192.168.1.106','2011-10-18 11:30:49'),('4DF70734-DC02-4AD1-9167-AC86C388794D','001|调试','192.168.1.109','2012-11-23 15:50:17'),('4E59D1E9-827F-4D77-A5F9-5573B91BFE9B','anonymous|席军','192.168.1.103','2011-12-02 17:00:21'),('4E61A8CE-9D32-43DD-BF56-09FD259836CC','anonymous|杜娟丽','192.168.1.107','2012-10-30 16:23:22'),('4E74706C-E748-4460-BB0D-8A689EE054B8','anonymous|田燕','192.168.1.103','2012-09-10 11:09:00'),('4E7B89F4-9FC0-41CE-9707-D8970B65020A','001|调试','192.168.1.106','2012-10-30 10:11:19'),('4EF7C984-5E04-4C3F-82EC-A209BBEE9BB1','001|调试','192.168.1.114','2012-04-01 14:17:14'),('4F1FC363-7BD4-4BA3-9C13-D398B760FCA7','001|调试','192.168.1.110','2012-01-31 16:37:48'),('4F503A4B-8DF7-4518-AFC2-B3EBC64A48F8','001|调试','127.0.0.1','2011-08-22 18:49:53'),('4F6651B3-F05A-43E9-B7CD-77C2A48CB3E8','001|调试','192.168.1.115','2012-02-03 11:58:15'),('4FB5949C-3503-4EE4-9C9B-78144F7E9C03','001|调试','192.168.1.115','2012-02-01 10:54:41'),('4FCF4A54-1C6D-4C79-BD28-BAA3E6D0726E','anonymous|杨丽','192.168.1.106','2012-03-29 15:56:52'),('4FD63E18-812C-47E2-AFE0-EADC7B5C1E91','001|调试','192.168.1.110','2012-01-17 12:01:34'),('4FE246EE-CE00-4776-B5AB-BF47A357C8D7','anonymous|杜娟丽','192.168.1.117','2012-02-15 15:02:27'),('4FEA45AE-194E-464E-9E3C-6BEB249C6747','001|调试','192.168.1.102','2012-09-19 09:22:06'),('4FF98B4D-DE53-49E4-8CC7-11592737786C','001|调试','127.0.0.1','2011-09-25 20:28:54'),('507036DE-CDE7-4A15-9494-BA0D61EE252E','anonymous|杜娟丽','192.168.1.117','2012-02-15 15:18:07'),('50BEC893-656B-4BC5-B69F-3607A66A1556','001|调试','192.168.1.115','2012-01-31 13:41:34'),('511712BA-CF9F-4B7E-BB54-F13B93F62D4B','001|调试','127.0.0.1','2011-08-27 18:44:01'),('51B21BA7-8D3D-4BEA-A013-285CACEC849B','001|调试','192.168.1.109','2012-11-23 15:30:40'),('51EDCA13-9867-4069-8CEC-A6F7720014CC','001|调试','127.0.0.1','2011-09-04 23:24:50'),('52052599-3860-4A97-9185-882A472E75B4','001|调试','192.168.1.104','2012-07-19 09:44:25'),('522FA07B-7023-4ACA-8626-441890D4DBFC','001|调试','192.168.1.110','2012-01-20 15:29:10'),('52935FA1-D468-4D9A-916A-69B8447E7E15','001|调试','192.168.1.102','2012-07-23 15:26:08'),('52D8FD3D-4474-46F5-9BAF-2B6E9D090EB2','anonymous|','192.168.1.109','2012-08-14 09:14:38'),('532C7503-FCE6-4D68-B214-D0FC043A87CA','001|调试','192.168.1.110','2012-01-16 10:19:37'),('536F5D9D-6912-4071-8AF1-F69532EC38D7','001|调试','192.168.198.1','2011-09-24 09:10:13'),('53BA3CD2-7765-472D-AF06-6D9678B1382D','001|调试','127.0.0.1','2011-10-03 08:57:21'),('546C540F-77A0-4ED1-B8BC-64E7647B450B','001|调试','192.168.1.103','2011-10-18 11:13:39'),('5499D513-DF04-4ABC-8C9E-0886E08B4A2F','001|调试','192.168.1.106','2012-10-30 15:48:37'),('55B7DB5A-B2C2-420E-9E9A-AE6F6A7582B2','001|调试','192.168.1.115','2012-01-31 14:06:35'),('55D80221-B4EB-4A62-9B5D-177E4BBFD71E','001|调试','127.0.0.1','2011-08-20 00:30:15'),('56573699-39DF-4E68-8C7B-35F789393A04','anonymous|席军','192.168.1.103','2011-12-05 11:57:14'),('56692AAE-3546-460F-871B-09D1BE4A1C47','001|调试','192.168.1.103','2011-10-18 11:11:29'),('568E760C-6D8A-49E9-BDDA-49114B3AB0B8','001|调试','192.168.1.106','2012-05-08 10:14:21'),('5723BD5B-4C62-4377-A319-1E4A1BF5DE32','001|调试','127.0.0.1','2013-03-07 22:36:53'),('575BCE37-83AD-4144-B205-3BD62210542E','001|调试','192.168.1.110','2012-02-09 09:05:39'),('576045F8-5D5F-46CA-8460-9F4A9CBD67A1','001|调试','127.0.0.1','2011-08-27 21:39:39'),('57AC4C5F-9543-4036-90B8-6C907EB93EFF','001|调试','192.168.1.115','2012-02-02 10:56:42'),('57D8D2AB-02AE-43D3-A05C-3ED09991AA1E','001|调试','192.168.1.106','2012-05-07 14:18:06'),('57ECA128-2A4C-4434-B758-7B95EF2F8715','anonymous|杜娟丽','192.168.1.103','2012-09-14 14:49:17'),('58641A3B-445D-44BA-8E54-C01E8C3B807A','anonymous|','192.168.1.112','2012-03-23 16:44:21'),('58740EF0-5121-4807-8DC5-742A4C7E03F7','001|调试','127.0.0.1','2011-08-29 23:04:38'),('5885DC82-06E2-4799-B4C9-37B1D8234D79','001|调试','192.168.1.103','2012-09-11 15:31:37'),('58D90853-EDD2-4EB9-82D8-C58FF51EEDC9','001|调试','127.0.0.1','2011-08-28 10:34:07'),('59BFAAF4-D1E7-4903-9BAA-05A3515C075D','001|调试','192.168.1.102','2011-09-24 10:19:58'),('59EEEBC1-07D7-49C1-90A2-EA2DD1438CCF','anonymous|','192.168.1.105','2012-04-17 09:44:07'),('59F83FF6-3887-46FB-A5D4-B8F4A646427B','anonymous|','192.168.1.101','2012-08-31 09:58:27'),('5A9D62F4-618C-4195-AC9E-BFC6B07A266D','001|调试','127.0.0.1','2011-08-28 21:35:54'),('5AAE780B-C129-4B2B-9C82-825135AC2617','001|调试','192.168.1.103','2012-10-19 13:31:17'),('5AC30ABC-D217-474F-A183-B12AE32EA6F4','001|调试','127.0.0.1','2011-10-07 17:26:08'),('5C35B59D-138A-4004-B1CD-46004075AF7D','001|调试','192.168.1.103','2012-10-19 09:29:10'),('5C633327-8966-493F-B0C0-DD259FDF66FB','001|调试','192.168.1.114','2012-05-17 11:05:19'),('5C63543A-9CA7-447C-A406-96CD9EC7A14C','001|调试','127.0.0.1','2011-10-05 00:05:40'),('5C6F4C47-E9DE-4E63-AFA6-9D3FC94254DA','anonymous|田燕','192.168.1.103','2012-09-10 09:53:16'),('5CA623D4-2520-4D6C-911E-706BDB8BB91B','001|调试','127.0.0.1','2011-09-26 01:28:58'),('5CBCE1AA-4470-4BC7-940D-30A27EAC4BE4','001|调试','192.168.1.112','2012-05-21 09:52:25'),('5CC8C4C3-D2BD-4D97-89A4-F58858534B6A','001|调试','192.168.1.106','2012-05-05 09:33:44'),('5CD97648-C89A-4626-87AF-FB98E5A8FFB8','anonymous|杜娟丽','192.168.1.117','2012-02-16 09:40:03'),('5DA297A1-2F72-4898-98B6-CFC0E45734FF','001|调试','127.0.0.1','2011-09-14 22:08:53'),('5DBBE7B5-3712-4566-83EC-73E31BE4DA3F','001|调试','127.0.0.1','2011-08-27 22:44:19'),('5DF01839-9A88-4C55-911C-F31B74CB66DE','001|调试','127.0.0.1','2011-10-01 20:52:04'),('5E79F544-4613-4202-882C-A4643D8576F4','001|调试','127.0.0.1','2011-08-28 14:21:04'),('5FC5091C-9B41-4B2D-AE02-FA34E25CB6CC','001|调试','192.168.1.115','2012-02-02 11:42:50'),('5FF1CD33-99C7-443F-9FB6-68419532CF07','001|调试','192.168.1.104','2012-11-02 09:33:42'),('6013B555-4961-4E8D-9D53-71EAB8F58768','001|调试','192.168.1.115','2012-01-31 11:00:26'),('6041D286-9F10-479A-83FE-014996C2DA72','001|调试','127.0.0.1','2011-09-21 22:15:01'),('607E3C00-84EC-4CDC-B144-1D5B9AEE0CD0','001|调试','127.0.0.1','2011-10-07 01:48:28'),('609A1D93-F539-48F1-90CE-201C78D06D2D','anonymous|杜娟丽','192.168.1.103','2012-09-14 16:29:33'),('60DA5D79-9FB9-4398-9B9F-8A280A0073D3','001|调试','192.168.1.103','2012-09-11 15:08:40'),('61081B70-8FC4-4824-9EF1-F454BC7B3F97','001|调试','127.0.0.1','2011-09-18 12:10:12'),('613D6342-0792-4492-8E2D-50A43A14ED84','001|调试','192.168.1.103','2011-12-02 09:19:00'),('615A38E7-A667-4D3C-AF50-C82908949C21','001|调试','192.168.1.103','2012-01-20 15:35:52'),('61903231-076A-48F4-BFA7-1C8A6B2C104D','anonymous|','192.168.1.111','2012-09-06 14:39:38'),('61BA34BF-A5D1-484C-859B-9A2D569404D1','001|调试','192.168.1.103','2011-10-18 10:05:29'),('61CD9F26-F01A-4711-A0EC-705E949F1B6E','001|调试','192.168.1.103','2012-10-19 11:00:12'),('61D75EE0-8B8B-438B-B450-9F6AF64504EC','001|调试','192.168.1.115','2012-02-01 12:07:22'),('61DD5FC3-7AE6-4194-B319-82A61D15C500','001|调试','127.0.0.1','2013-03-07 22:38:27'),('624D7D86-AD8D-4614-B49D-D08B551532B5','001|调试','127.0.0.1','2011-10-04 09:12:28'),('6264E92F-6845-47E2-8778-8497E162FEF4','001|调试','127.0.0.1','2011-09-26 22:46:44'),('630051EF-E94F-4F0E-8D44-FADD7E38A69F','001|调试','192.168.1.106','2012-05-07 09:58:33'),('63B692CC-DA2B-4F00-A787-4F0F9E05F7C8','anonymous|','127.0.0.1','2013-03-07 16:55:11'),('63F5A562-33E2-4210-9055-CEAC483C9221','001|调试','127.0.0.1','2011-09-18 10:12:55'),('645A112F-922C-4702-A10A-6F4068DA9CF0','001|调试','192.168.1.103','2012-01-20 16:02:23'),('6466D93F-4100-41A7-8D6D-09A9A369D48A','001|调试','127.0.0.1','2011-10-02 10:49:40'),('64D7F1D4-1CA1-4841-8A61-6D3DAEE1F68B','anonymous|席军','192.168.1.103','2011-12-05 11:21:19'),('64EBB200-B13B-4439-A797-893BDD810CF8','001|调试','192.168.1.110','2012-01-17 12:03:11'),('64F5E932-0467-4573-A80A-4A7B2176DB98','anonymous|','192.168.1.109','2012-08-14 09:54:21'),('6541C6A9-3D52-4D21-A0B5-E18F6C92F093','001|调试','127.0.0.1','2011-09-06 18:56:05'),('6561A4F4-8A6D-4AFE-86F0-F75A03B93F82','001|调试','192.168.1.100','2012-07-11 08:56:55'),('656DA3B4-F6D4-4C4D-9D35-10F8AC566F09','anonymous|','192.168.1.103','2012-05-17 09:48:37'),('6578B984-3E57-42C7-9A93-7587DDE4B7A0','001|调试','127.0.0.1','2011-08-21 21:02:31'),('6587E26F-9140-48C0-9E42-6887077E9127','001|调试','127.0.0.1','2011-08-21 22:53:03'),('65BF6993-0A22-4749-8DF8-DC5213617402','001|调试','192.168.1.110','2012-02-27 10:42:49'),('660355DB-EBF7-43F7-BB81-148DD90ECE74','001|调试','127.0.0.1','2011-09-23 00:04:08'),('6654EB66-FDA4-4826-8466-D43D55B86252','001|调试','127.0.0.1','2011-10-07 00:43:59'),('66610C09-B85C-4FBF-9F42-70B7E51C2AAC','001|调试','192.168.1.106','2012-10-30 15:05:50'),('66C9121B-8AF7-412D-A93D-264AC05E8587','anonymous|杜娟丽','192.168.1.103','2012-09-14 16:44:29'),('66DA4ABB-F2D8-44AE-A17F-75FE83A6A995','anonymous|','192.168.1.111','2012-09-06 09:40:32'),('66EC12B6-3172-4A14-8FF4-90C38D43E2BC','001|调试','192.168.1.102','2011-09-24 09:29:51'),('672DE03E-8C16-4B91-8CF0-C8F1E21B492B','001|调试','192.168.1.103','2012-01-20 15:56:48'),('678FAFC5-BA38-4DF3-940A-591DF6871386','001|调试','127.0.0.1','2011-08-27 12:19:06'),('67F7FD53-B17C-44A6-8C3D-1BD1F6A7DC02','001|调试','192.168.1.106','2012-05-05 09:57:31'),('68777177-3A21-414E-A9E9-9F3514A77201','anonymous|','192.168.1.107','2012-11-08 13:38:36'),('689A693A-949A-4DB9-A733-4AF6B84D4FA1','anonymous|杨丽','192.168.1.105','2011-11-04 16:06:38'),('697F43C8-4E9C-48CD-939E-20A085BD2849','anonymous|田燕','192.168.1.110','2012-10-29 13:27:10'),('69B4E1BB-E3F9-441A-96CB-9D50EA5BCE14','anonymous|','192.168.1.112','2012-06-01 15:16:10'),('69D91A7B-D65A-4A4D-8A74-7DFA84041944','001|调试','192.168.1.106','2012-05-05 10:51:54'),('69FDABE8-D5E1-4791-A7E4-DBCBB63014A6','anonymous|','192.168.1.105','2012-10-11 09:09:10'),('6AA0150E-7B36-4BB4-9D80-9DBF98DECD3C','001|调试','127.0.0.1','2011-08-21 19:20:41'),('6ACB1B36-7DCF-4F0C-BCAF-3D7AD5CD017A','001|调试','192.168.1.103','2011-10-18 10:20:52'),('6AFC293D-97E3-4477-9D5D-7A5AB7407975','001|调试','127.0.0.1','2011-08-27 11:09:17'),('6B5AEA20-47A0-4968-89FB-BE8C7BB7F0FD','anonymous|','192.168.1.107','2012-11-08 10:49:16'),('6B686828-F3C5-4088-9B79-C95C2957D838','001|调试','192.168.1.104','2012-06-19 10:31:41'),('6BD87552-B5AE-4534-9D72-03F755BC6BE5','anonymous|张玉杰','192.168.1.105','2012-07-26 10:17:36'),('6C16E450-D136-40B3-9FE4-3B3DE9225212','anonymous|','192.168.1.111','2012-09-06 09:33:43'),('6C1E94AC-FA73-4DD2-85FF-A48812A47AC4','001|调试','192.168.1.115','2012-02-03 11:59:46'),('6C20D4FB-082B-4DEC-BFD9-7ACE6F1E33B7','001|调试','127.0.0.1','2011-08-24 23:49:58'),('6CCB907D-077F-4D81-B59C-65E3EAFA842E','001|调试','192.168.1.110','2012-02-09 09:05:38'),('6DDBB58B-387E-4CDA-AE3A-E222361FB936','001|调试','127.0.0.1','2011-10-01 21:32:29'),('6E3BCBB0-67B6-4824-9075-A1FFFF65900F','anonymous|杜娟丽','192.168.1.103','2012-09-14 14:31:13'),('6E462F19-FA41-40F2-9E91-B945844A5905','001|调试','192.168.1.103','2011-11-26 13:04:30'),('6E5D04F5-639A-47B5-A334-9EA8DB062AA9','001|调试','192.168.1.103','2012-10-19 09:54:05'),('6E5F2E29-C381-4A51-BECB-E6E1F4D7116B','001|调试','192.168.1.115','2012-02-03 15:26:42'),('6EDC61D1-3CB6-4797-B554-7DBEE73F7D8C','001|调试','127.0.0.1','2011-10-01 21:39:43'),('6F412804-71E0-47A6-A77D-E2757762B3AA','001|调试','192.168.1.106','2012-10-29 16:20:54'),('6F7F02A4-2754-4B26-A992-3B1ACB64433F','001|调试','192.168.1.115','2012-01-31 14:13:45'),('70089D1E-2431-4A6A-9FAC-238B2A9C14F0','001|调试','192.168.1.115','2012-02-03 12:03:52'),('7030FF57-2438-46AE-81C4-058D41843C52','anonymous|杨丽','192.168.1.105','2011-11-04 16:42:24'),('703411C9-B9F5-4AD9-AC90-D9ACB2EC9961','001|调试','192.168.1.102','2011-09-24 10:07:22'),('7038B59B-47A7-4BFE-A73A-8CEDD80A7E47','anonymous|','192.168.1.112','2012-07-26 08:45:53'),('70F0375A-70E4-479F-80BE-EDA659110E82','001|调试','127.0.0.1','2011-08-21 22:42:40'),('71371376-EDCE-4770-A54E-D707CFA0D68D','001|调试','192.168.1.103','2012-09-11 15:24:52'),('714F0BD4-93E4-40C5-93F6-4FF0743B46B4','001|调试','192.168.1.103','2012-10-18 16:36:31'),('7183200A-83F8-46E8-BDE8-3B9E50951D1E','001|调试','192.168.1.103','2012-09-11 16:07:20'),('71B09C34-E1BA-4121-BBEF-74D8060DA784','001|调试','192.168.1.110','2012-02-09 09:06:07'),('7218126D-5946-4DD1-9D67-631481E23260','001|调试','127.0.0.1','2011-08-19 23:33:01'),('723C1E52-C98C-4785-8BE3-6EC48BD13AAD','001|调试','127.0.0.1','2011-10-01 21:32:51'),('725B2CA4-92CC-4580-9DD1-47C032AC5E35','anonymous|席军','192.168.1.103','2011-12-05 11:11:56'),('7307C7A0-7BD3-4A74-97C1-A9A9C4FCB3E5','001|调试','192.168.1.110','2012-01-20 15:15:01'),('73096BA8-36EE-4E46-BE44-AC4F562E03FE','001|调试','127.0.0.1','2011-10-01 22:47:49'),('73271092-2068-4D97-A5E5-D5C99DB94CD9','anonymous|杜娟丽','192.168.1.107','2012-10-31 11:44:54'),('73343453-D636-4696-93A3-F824FD7BA714','001|调试','192.168.1.110','2012-02-16 15:57:15'),('738B23BA-20D9-4AF0-88F6-25963CDDE2A5','001|调试','127.0.0.1','2011-08-24 23:59:25'),('7529AFE3-8576-4B52-AB4E-EF59EB3FCF2D','001|调试','127.0.0.1','2011-08-28 03:12:30'),('76115389-6984-4894-8894-9DF55F526CE5','anonymous|张玉杰','192.168.1.105','2011-11-14 08:31:07'),('7621C3A1-4987-49D4-81AA-79B5F221F266','001|调试','127.0.0.1','2011-09-06 19:28:37'),('7627E19C-099E-454C-A829-8CC544A0DB17','001|调试','192.168.1.102','2011-09-24 10:19:58'),('76334485-C09B-4D8F-B7DC-00522E7FD9A1','001|调试','127.0.0.1','2011-10-01 21:43:23'),('76473DDE-4313-4CCB-9BE7-ACCF40ECE6CB','anonymous|杜娟丽','192.168.1.103','2012-09-14 16:33:26'),('764BA857-8176-46BC-85FD-E6ACDFA28FDA','001|调试','127.0.0.1','2011-08-28 14:54:36'),('765B0F25-5110-47EA-907F-CA6A6A62AEFF','001|调试','192.168.1.103','2011-10-18 10:09:31'),('7673601A-98FD-44ED-88D8-82D7CBF8A462','001|调试','192.168.1.102','2012-09-19 10:56:37'),('76A6AEB1-F1B4-4540-8202-ED4847568173','anonymous|演示','127.0.0.1','2013-03-07 16:53:11'),('76BB29AE-2AA5-4A86-A1FB-9FA41D04B07B','001|调试','127.0.0.1','2011-10-06 12:17:43'),('77B6BE18-95EE-4A7E-8A2B-4F7802F3318D','001|调试','127.0.0.1','2011-10-06 23:51:34'),('77E4F2F2-054F-449A-AEF4-8AC75B4E9C4C','001|调试','127.0.0.1','2011-10-04 10:50:59'),('78570D44-ADE1-4682-858E-79FE83FD9C9C','001|调试','127.0.0.1','2011-10-01 21:32:29'),('786D2521-DC0E-4814-A1B6-4DA95CF1E1F5','001|调试','127.0.0.1','2011-09-04 21:59:53'),('787924A2-A9F5-4EAD-B4B1-328385534CB0','anonymous|杜娟丽','192.168.1.117','2012-02-15 14:43:34'),('787E49CC-AC35-4C65-AA29-C9D85399A27C','anonymous|','192.168.1.100','2012-06-27 09:39:22'),('78EBACC7-310B-4DB4-AE1D-95495659D7A9','001|调试','127.0.0.1','2011-10-07 01:00:31'),('78F83E52-00E8-47F8-9AE9-5FD7718A96F1','001|调试','127.0.0.1','2011-10-06 16:57:15'),('792A8547-6227-4613-A3A0-CD14F1E57272','001|调试','192.168.1.110','2012-02-16 16:05:14'),('798F1D28-73DC-4E77-9D42-6C413D9E9CD4','anonymous|','192.168.1.112','2012-05-02 15:11:16'),('79A23823-00BF-48BD-8C16-24A73725DD0B','001|调试','192.168.1.102','2011-09-24 10:31:15'),('7A174D92-0094-4A81-9B3D-EE63701F458E','001|调试','127.0.0.1','2011-08-27 14:36:31'),('7A1B2D43-DB18-49C6-80E1-FF4E96717111','001|调试','192.168.1.103','2012-10-18 17:26:10'),('7A8F7602-DC8D-498F-A01E-2F122590A81B','001|调试','192.168.1.112','2012-05-21 08:53:32'),('7AB8EE8E-53AF-44BD-AECE-52F8DC5ACCC8','001|调试','127.0.0.1','2011-10-01 21:32:29'),('7B4A3A67-A5C2-4654-ACEE-A8A8F59E2D82','001|调试','127.0.0.1','2011-09-28 23:46:34'),('7B99B26E-4BAF-4580-821D-5B89497EEAB1','anonymous|田燕','192.168.1.110','2012-10-29 14:23:41'),('7BDCB745-3D72-4B1C-8DD7-79029409F5DB','anonymous|','127.0.0.1','2012-11-27 11:15:12'),('7BEC04B3-9A25-4701-BCE3-85C9257B3BC7','001|调试','192.168.1.106','2012-05-07 17:46:46'),('7BF8F82F-39D5-4778-AF36-1AD03ECF40F3','anonymous|','192.168.1.104','2011-10-31 08:26:55'),('7C0ECEE7-E6DC-4519-BCF2-6699908A27F9','001|调试','192.168.1.110','2012-03-01 09:30:03'),('7C1DC756-9D0B-4167-8018-35BB1750E36D','001|调试','127.0.0.1','2013-03-09 23:00:20'),('7C4318B1-F823-487F-884F-5A0177373468','001|调试','192.168.1.104','2012-07-19 09:13:47'),('7CABA1A9-9162-4BA0-A156-391B956390C8','anonymous|','127.0.0.1','2012-11-27 11:06:36'),('7CD0BFB0-E729-488D-8BFF-C07083A48E0C','001|调试','127.0.0.1','2011-08-27 13:56:43'),('7D1ABAA3-A3AF-4912-BA49-4C96FED2717D','001|调试','192.168.1.115','2012-02-01 12:29:41'),('7D469830-1A3F-4FA7-BA38-8C4930620890','anonymous|席军','192.168.1.103','2011-12-02 17:14:05'),('7D6B5A00-CCB6-4FB2-BE15-6DE3CC971AFF','anonymous|','192.168.1.250','2012-07-11 16:11:23'),('7D8405FF-4F4C-4D2F-A9CD-53C551A777AD','001|调试','192.168.1.106','2012-05-07 14:17:50'),('7D8CB188-B0EB-420B-8D60-2128EA7A58BC','anonymous|','192.168.1.112','2012-03-23 15:50:51'),('7D990CB4-0573-408D-BD66-BA6BDD29AD1A','001|调试','127.0.0.1','2011-12-02 09:12:54'),('7DC86574-6C83-4492-943E-53F16B75348C','001|调试','192.168.1.112','2012-05-17 11:24:25'),('7E0661F2-2D8A-4B41-9CEC-E23F8796C991','001|调试','192.168.1.103','2012-10-18 13:07:09'),('7E275BE4-4BBF-4D4C-971F-BC189360F6AC','001|调试','192.168.1.102','2012-07-23 15:21:23'),('7E3CF735-53E8-4AEA-BD58-C51D837F9A6E','001|调试','192.168.1.109','2012-11-23 15:07:50'),('7E4A0DD4-B453-432F-8BF5-2E5DE1EE6D79','001|调试','192.168.1.110','2012-01-20 11:40:41'),('7E522A3B-D629-40DC-A956-72CD4227315D','001|调试','192.168.1.115','2012-01-31 13:54:50'),('7EAFB091-B107-4D6B-BBB0-F6C7CC23AE88','001|调试','192.168.1.110','2012-01-17 11:02:49'),('7ED8F53E-F653-4D11-B03B-4F7880C21E58','anonymous|','192.168.1.117','2012-02-16 15:38:36'),('7F13C191-A62E-47A6-A486-743E116140AE','001|调试','127.0.0.1','2011-10-04 09:15:30'),('7F29EB50-EED6-4FDE-9494-D88FA128AB8A','001|调试','192.168.1.102','2011-09-24 10:28:08'),('7F36645E-442E-4759-9BAF-15987E85269A','001|调试','192.168.1.114','2012-05-17 11:16:33'),('7F843B76-EA7A-4A7A-9904-87E4F0CE0681','001|调试','127.0.0.1','2011-08-22 22:11:00'),('7F9547B3-CD33-4213-B8BA-BC28ACE3966B','001|调试','192.168.1.104','2012-11-02 09:33:43'),('7FD56AF6-EA56-4414-A2FE-A256A2ECF572','anonymous|杜娟丽','192.168.1.117','2012-02-15 16:57:28'),('8068858A-511D-4318-B7EE-F48913148F91','001|调试','127.0.0.1','2011-08-27 21:53:22'),('806D710C-A7AB-440A-8A53-E6FCD5A56D44','001|调试','192.168.1.104','2012-11-02 09:33:42'),('8089FF5F-F53C-40D9-AD10-9D00158F41FC','001|调试','127.0.0.1','2011-10-01 20:16:36'),('8139B9CA-4992-48AF-8B3B-FF766A346895','001|调试','127.0.0.1','2011-09-25 22:09:28'),('8140B398-1FC6-415A-9445-3EF6ADFF0705','001|调试','127.0.0.1','2011-10-06 17:42:37'),('8234FA2F-3C90-4BCD-B3F2-91F4F2613341','anonymous|席军','192.168.1.103','2011-12-02 17:01:20'),('824DBCD8-CD46-4429-B3E8-0C6F05F252DC','001|调试','127.0.0.1','2011-09-25 14:13:08'),('82D11904-5801-411F-AA5D-A5D33D384206','001|调试','192.168.1.115','2012-02-03 11:59:00'),('8321F83A-B621-4ADD-BE08-3A226E273A0A','001|调试','192.168.1.102','2012-09-19 10:42:24'),('83AA147C-CC54-4B5E-B81E-B1E9121FA7E9','show|演示|演示','127.0.0.1','2013-03-07 16:52:59'),('83E1C4A9-92A1-4C1A-BA38-FBB0A974368A','001|调试','192.168.1.103','2011-12-02 09:14:34'),('84745B5D-1CD4-493D-AA9D-809300035202','001|调试','192.168.1.114','2012-05-17 11:22:47'),('8489A6BD-A10D-4B06-B234-92AC2BAB042D','001|调试','192.168.1.100','2012-07-19 10:15:22'),('84D89992-4401-46D5-A08D-9D9EF06D5375','001|调试','192.168.1.115','2012-01-29 13:30:40'),('8597181E-5261-4475-AAE7-53051C6D1868','001|调试','192.168.1.104','2012-11-02 14:25:02'),('85BAD8BC-D7C3-441E-8125-BD94D5941411','001|调试','127.0.0.1','2011-09-04 23:13:03'),('85FDB439-9D97-4FCD-960C-5F703B778A0F','anonymous|杜娟丽','192.168.1.117','2012-02-15 17:38:04'),('864E0E18-8C52-4862-910B-30617821BC26','anonymous|','192.168.1.107','2012-11-08 09:12:07'),('86645B76-31DC-4127-9E81-A8888BDFB7E3','001|调试','192.168.1.115','2012-02-02 17:54:42'),('8691E620-3EF6-46BB-9307-7AC91DA8BECB','001|调试','192.168.1.103','2012-10-18 10:37:38'),('86A81D0A-C35D-4BD2-A44F-8AAF616AA51A','001|调试','192.168.1.103','2012-10-18 16:38:03'),('8707775C-F6B0-4333-A69A-3F6BEEF38FB6','001|调试','192.168.1.115','2012-01-31 10:15:25'),('8708B0BC-E480-45EB-8B9E-6CFC49A17993','001|调试','127.0.0.1','2013-03-09 23:30:31'),('87164801-5025-4649-AF5F-0002A986A62F','anonymous|杜娟丽','192.168.1.103','2012-09-14 11:07:47'),('872D9620-1D28-4F5F-9EE2-53BA63DA86CC','001|调试','127.0.0.1','2011-09-25 23:32:33'),('8767CE02-E28F-4A75-ADBE-6B352C9D0DA7','anonymous|杨丽','192.168.1.105','2011-11-04 16:06:47'),('8776C25A-3C6B-4296-82AA-990FEFCE8293','001|调试','127.0.0.1','2011-09-18 09:56:03'),('881A37F0-E967-449F-9407-CD5D38FA1B48','001|调试','127.0.0.1','2013-02-22 13:33:44'),('881B9408-2E79-4283-A8B9-906C89FF20D1','001|调试','192.168.1.102','2012-09-19 10:26:04'),('88264BA3-0EE9-4437-AFF4-3D64E876E9DD','001|调试','192.168.1.250','2011-10-31 08:11:13'),('88383C22-5248-4262-989F-2FB661F78CF6','001|调试','127.0.0.1','2011-08-21 18:40:34'),('8851E361-91BA-4D5B-A9F4-A09A99F4F8D1','001|调试','127.0.0.1','2011-10-07 17:14:46'),('88851342-56D5-43D1-9BB3-BADEFD24B15F','001|调试','192.168.1.110','2012-01-16 16:50:43'),('896B0DF7-C9A8-4055-B88A-FD69AC2ADE62','001|调试','127.0.0.1','2011-08-21 22:13:42'),('89CE1CE3-9FC0-48B8-B6A9-20BA775077EA','001|调试','192.168.1.114','2012-03-31 17:44:55'),('89E1BF6A-7822-4609-8364-8EBA0B3D1C4F','anonymous|','192.168.1.112','2012-07-26 09:08:09'),('89F1085C-2251-490D-A6FC-32F873ED814D','001|调试','127.0.0.1','2011-11-26 11:39:17'),('8A19B9A0-AE8D-4EF8-A260-FBBE63810C64','001|调试','192.168.1.110','2012-02-16 16:06:12'),('8A4F4A62-25C1-40C7-B82B-786FEB8982C6','anonymous|','192.168.1.109','2012-08-14 09:16:16'),('8A8DBA9B-4D05-4415-A5D6-579698FEA5CA','anonymous|','192.168.1.111','2012-09-06 11:49:17'),('8AF6923E-D6A6-436C-9D83-F47F5C5F5048','001|调试','127.0.0.1','2011-09-04 10:47:12'),('8B2E349B-FF31-41B6-8035-687EA3F3F60F','001|调试','192.168.1.103','2012-10-18 16:37:27'),('8B4EF89A-B85E-4C28-8A65-992A5D08EE7C','001|调试','192.168.1.105','2011-09-24 10:50:53'),('8B5D3124-AD4E-450F-A31E-A3F6D693999F','anonymous|','192.168.1.112','2012-06-01 10:05:00'),('8BB0A4E1-9800-4EB1-B461-F9CF4299D049','001|调试','192.168.1.103','2012-09-11 15:41:21'),('8C176BC8-310C-4E53-82BC-04E38DC2CF9D','001|调试','192.168.1.104','2012-06-19 16:25:32'),('8C2070CB-FC09-4AFC-BB74-6DABEAA9384F','001|调试','192.168.1.110','2012-01-13 16:41:56'),('8C42C4C6-CB28-456B-A637-7F4FE690BCE5','001|调试','192.168.1.104','2012-11-02 10:07:03'),('8C47AC08-90AB-46E2-9029-3DC0FE485AE0','001|调试','192.168.1.103','2012-09-11 09:51:45'),('8C7FBEAB-803C-472D-B274-E89816D1DEF1','001|调试','192.168.1.115','2012-01-31 10:13:44'),('8CE2FD72-C1B0-4DE5-A006-77EA692087FF','001|调试','192.168.1.106','2012-05-05 10:05:10'),('8D16E3C2-1B7A-44E1-AF3C-1BA5C1090B6D','001|调试','192.168.1.110','2012-01-17 11:36:33'),('8D6677A3-F51D-4EFF-8BB7-CA4EE76E8174','001|调试','192.168.1.109','2012-11-23 15:32:58'),('8D7AF39F-453B-42AE-8079-43F44914869A','anonymous|杜娟丽','192.168.1.103','2012-09-14 11:52:32'),('8D825324-2093-4AAB-8F0C-1D96B304AEF8','anonymous|','192.168.1.103','2012-05-17 09:21:17'),('8D85F5EE-DF16-414A-B47A-2A717C360538','001|调试','192.168.1.103','2012-10-19 11:38:51'),('8D967B7B-09AE-4E8F-A347-729FA755EBAC','001|调试','127.0.0.1','2011-08-19 17:14:57'),('8E047615-EF56-4EB7-9159-D942850AC83D','anonymous|','192.168.1.111','2012-09-06 10:36:04'),('8E1C0C17-9E0B-4CAD-ABDE-A3FB36EA9E4B','001|调试','127.0.0.1','2011-08-27 12:03:58'),('8EA5997B-8E5F-47C5-BC05-56341B65AB07','001|调试','192.168.1.115','2012-01-31 14:00:32'),('8EC19C59-6CDA-4D1B-A8EC-DE5A42067F44','001|调试','127.0.0.1','2011-10-01 20:45:25'),('8EEE8CCC-B7FB-49C5-937D-F93BB8F1DBDE','anonymous|','192.168.1.250','2012-07-11 14:41:18'),('8EEFBD45-FD57-4F4C-96EB-5DA96DAEEF4E','anonymous|','192.168.1.112','2012-05-02 14:19:26'),('8F20BB68-50F9-41B9-BBBE-ED1C856BECF4','001|调试','192.168.1.110','2012-02-09 09:05:38'),('8F6612DE-6C1A-45AA-8D06-03DD888408B4','001|调试','127.0.0.1','2011-12-20 13:20:37'),('8FF63E4E-8252-428E-B949-14DB0C7CCAB9','anonymous|','192.168.1.112','2012-07-26 09:08:34'),('90AFE891-9B24-4D07-B311-8603DF8AFAA2','001|调试','192.168.1.115','2012-01-30 09:37:15'),('90F7AED6-9F2F-4E0F-8550-84BE88C5A20E','001|调试','192.168.1.104','2012-11-02 14:14:23'),('91D82A23-D9A5-40CF-8B17-406332B8290B','001|调试','192.168.1.112','2012-05-17 11:27:41'),('924491E1-185A-45FE-A24D-FE9BA9DEA6B0','anonymous|杜娟丽','192.168.1.107','2012-10-30 16:08:24'),('924A386C-7A55-4002-A5EA-2D4C0BDCD77A','001|调试','127.0.0.1','2011-10-01 21:34:28'),('92678805-A4A4-4500-A6A8-198945446F7C','001|调试','127.0.0.1','2011-09-03 21:34:27'),('9274F59E-8452-41BF-B8F9-D8A761C19E41','001|调试','127.0.0.1','2011-08-29 23:39:51'),('9275E776-A7EB-4E6E-BA69-C3659AA3F487','001|调试','192.168.1.102','2012-09-19 11:04:12'),('934337DE-A68B-4D47-B0A2-DBF7BD819640','anonymous|','192.168.1.117','2012-02-16 15:36:54'),('93638F65-C81F-4622-8577-F9A9F18DC65E','anonymous|','192.168.1.112','2012-03-23 18:00:01'),('93A5A7E6-9A60-4AB3-9D1B-2AB9E675DC1E','anonymous|','192.168.1.114','2012-05-17 11:25:00'),('94013DB2-A2C7-43EE-B382-1FC2C86329FA','001|调试','192.168.1.115','2012-01-31 13:49:44'),('945A32EC-DCC9-4BE7-97EC-461EFF1AA080','001|调试','127.0.0.1','2011-08-21 19:00:11'),('94803BAB-4221-4415-9B80-1A3F97448595','001|调试','192.168.1.110','2012-01-16 13:44:04'),('94CED788-1B92-4988-85B9-2B5C14D375D5','001|调试','192.168.1.109','2012-11-23 15:33:49'),('955FAA88-E29A-4D86-A2F5-94EC58F06E34','001|调试','192.168.1.103','2012-09-11 14:01:53'),('95798C56-AD0C-4AB5-8A6D-D3A76A294A6E','001|调试','127.0.0.1','2011-08-21 22:35:00'),('958CB586-A889-4F80-AE32-EED675D2BC12','001|调试','192.168.1.103','2012-10-18 17:17:25'),('9637EE03-2BBC-4AB9-BE4C-05298D915211','001|调试','192.168.1.106','2012-10-30 14:49:02'),('96A13005-A540-4BAB-BB9D-A6D9EB5CF8A9','001|调试','192.168.1.106','2012-05-07 09:16:15'),('97182B9D-338B-4735-9763-A3964A3DB69A','001|调试','127.0.0.1','2011-09-25 23:48:37'),('97BE5CAE-C5A3-4F21-BE70-E97D1996B46C','001|调试','127.0.0.1','2011-09-26 23:13:05'),('97FC48FF-ABC5-4CDF-A6AD-0C2B592C31B6','001|调试','192.168.1.100','2011-09-24 09:29:09'),('983F7469-6E83-4B31-80F5-F4C942541F1B','001|调试','127.0.0.1','2011-09-26 01:20:06'),('9876DC86-B2FA-426D-8731-B9FC489A919D','anonymous|杜娟丽','192.168.1.107','2012-10-31 15:55:47'),('9896D17A-BDE4-4392-89B3-998D978FB6EB','001|调试','192.168.1.102','2012-07-23 14:07:57'),('98D228BF-9A60-41F0-B47B-F42A396F174C','001|调试','192.168.1.109','2012-11-09 11:57:26'),('98F049C4-0179-46DD-BDB9-2BE6F8132C0F','001|调试','127.0.0.1','2011-10-06 18:02:38'),('98F73EC1-E130-4CD6-B169-3024D709C81A','001|调试','192.168.1.104','2012-11-02 14:21:10'),('99342E92-9B1C-45C3-B893-82DE4135C9A1','anonymous|席军','192.168.1.103','2011-12-02 09:52:00'),('993F1EB4-2D2B-45B6-AE99-5F4394E289D6','001|调试','192.168.1.115','2012-01-30 17:08:31'),('9952BCF0-A48B-480F-AA2A-DF890AF36C48','anonymous|','192.168.1.111','2012-09-06 09:38:33'),('9958BAF8-E882-4516-9ABD-78372EA0BE3B','001|调试','192.168.1.109','2012-11-23 15:54:13'),('9A035D84-020D-4FF8-953F-BD109E510913','001|调试','192.168.1.110','2012-01-16 09:43:47'),('9A48D24D-FE64-4997-B5B0-E69A54AFA739','001|调试','192.168.1.110','2012-02-08 13:27:35'),('9A671D3E-62AA-4C67-B7FF-6FB590AA9221','001|调试','192.168.1.110','2012-02-27 10:53:23'),('9A87C401-41F1-4A5F-8821-6DBE93F6C3E4','001|调试','192.168.1.104','2012-06-19 16:18:46'),('9AC3B131-CA68-443F-83D6-67ADD54B40BC','001|调试','192.168.1.106','2012-10-30 15:27:56'),('9B3E1328-47A9-418D-BD95-6383E47E4FBE','001|调试','127.0.0.1','2011-09-18 23:04:51'),('9B947C87-C368-43F3-A680-5B91B9B4F057','anonymous|','192.168.1.109','2012-08-14 11:36:08'),('9BA5C995-0500-401B-A15D-7DBBA1D0C6CC','anonymous|席军','192.168.1.103','2011-12-02 11:28:20'),('9BAFE212-7288-492F-BBB8-15D2C13610EF','anonymous|杜娟丽','192.168.1.103','2012-09-14 14:24:48'),('9BD8FBC2-42DA-4C5E-97EE-03C306564BC5','001|调试','192.168.1.106','2012-10-29 14:35:16'),('9C005EA2-DEA1-4681-AEEA-7B8F4B00C390','001|调试','192.168.1.110','2012-02-16 15:55:46'),('9C5C3093-C8F3-42A6-B539-5382B84B1654','anonymous|席军','192.168.1.103','2011-12-02 17:07:54'),('9C7EB6FA-9C43-4448-99A7-09EB2B6B8498','anonymous|','192.168.1.112','2012-03-23 18:02:05'),('9CFAAD5D-D633-4918-A8AE-4948D67E8370','001|调试','192.168.1.115','2012-01-29 11:44:40'),('9D26A6C4-F4BF-4D6A-81F0-656E6819D10B','anonymous|调试','192.168.1.102','2011-09-24 10:33:23'),('9D33505C-3063-4B55-8EC5-E3F5EB41F7E7','anonymous|','192.168.1.106','2012-09-14 10:50:47'),('9D885E78-B8D9-4AC0-93B2-F79BD9E4CD03','001|调试','127.0.0.1','2011-09-14 18:56:08'),('9DB95B5F-F3F6-49EA-B7F5-327191B4435C','001|调试','192.168.1.109','2012-11-09 11:11:45'),('9DC1FD6E-E255-4FCC-B7F6-385E134DBBD5','001|调试','127.0.0.1','2011-09-28 22:44:32'),('9E409CBB-0F8B-4AB5-AE2C-552F71040ABA','anonymous|','192.168.1.103','2012-05-17 11:05:13'),('9E9C1820-68E2-4EC7-A7D0-C96FAF1639D8','001|调试','192.168.1.250','2012-07-11 16:42:59'),('9EBE3CDC-E488-4F21-960B-06D7D4B08B8C','001|调试','192.168.1.100','2012-07-11 14:38:30'),('9EBF8579-0B28-4004-959B-0CC0CC091B4D','001|调试','192.168.1.102','2012-09-19 10:44:27'),('9EC76488-6E10-4B45-9DF9-B77F63FB1559','001|调试','192.168.1.103','2012-10-19 12:43:20'),('A00CE633-9261-427C-828A-C5E0542D598E','001|调试','192.168.1.106','2012-10-30 12:00:21'),('A058F71F-71F4-4518-854F-918B8ED9A217','001|调试','192.168.1.109','2012-11-23 12:45:20'),('A0BD3EA4-D338-411E-92FC-57AD314914FE','anonymous|','192.168.1.114','2012-01-20 11:50:29'),('A1F3F0D6-4D97-468A-A31F-3CC676F35CC2','001|调试','192.168.1.103','2011-10-18 10:06:43'),('A24BA621-A457-4A70-B66F-CA3C4673A08D','anonymous|田燕','192.168.1.110','2012-10-29 14:23:33'),('A258951A-2753-41AF-9BB6-0670B3B28EDC','anonymous|杜娟丽','192.168.1.103','2012-09-14 10:52:16'),('A2A9340F-88AE-4625-AC96-B16FEAA86BB3','001|调试','192.168.1.110','2012-02-09 10:14:51'),('A2C69C90-5BE5-4366-9C6A-60FBB6219880','001|调试','192.168.1.103','2012-08-13 10:26:57'),('A2F393CA-2037-4F3C-8A4E-C53E149042F1','anonymous|','192.168.1.103','2012-05-17 08:44:17'),('A31B82F9-285C-4621-8CC9-F807903B6DEC','001|调试','192.168.1.104','2012-07-19 09:13:47'),('A33304E5-C958-4356-969F-2F27FD2099C5','001|调试','192.168.1.110','2012-01-20 11:39:04'),('A4272723-435F-4618-8EA7-9CF555B550EB','001|调试','127.0.0.1','2011-10-02 01:25:24'),('A45187AD-638A-461E-9895-B96E9F252D44','anonymous|席军','192.168.1.103','2011-12-02 16:43:48'),('A4823BD2-EEF8-4F54-B16D-357B88450A65','001|调试','127.0.0.1','2011-08-21 22:34:32'),('A49AB13F-5AAB-4C28-B2EA-136DB08F51CC','001|调试','192.168.1.115','2012-02-03 16:33:33'),('A6BDE852-C080-4772-9799-6D2D5C074CF2','anonymous|席军','192.168.1.103','2011-12-02 12:19:30'),('A70F67A4-1E09-4945-B203-DD5A87EA0AB0','001|调试','192.168.1.115','2012-01-31 13:46:22'),('A76E8210-3977-4AD9-A9CC-EDF474D12BFF','001|调试','127.0.0.1','2011-08-28 15:28:43'),('A7802851-4F04-4794-9906-246D0E04CF62','001|调试','192.168.1.115','2012-02-02 15:22:17'),('A81350FE-4CC0-40A1-95C5-2D77E6134DFC','001|调试','127.0.0.1','2011-10-04 10:28:11'),('A814B5E0-D06A-48E9-82A5-2531802AE731','001|调试','127.0.0.1','2011-10-01 21:53:49'),('A8178B60-FAFD-43F4-9924-A4314A3D984E','001|调试','127.0.0.1','2011-09-22 00:24:06'),('A884B32D-DECE-497D-9EDC-F9B2639D5CA5','001|调试','192.168.1.110','2012-01-31 16:38:44'),('A8AB1FD9-879F-439D-968B-3C7D60A8E597','anonymous|','192.168.1.117','2012-02-16 15:30:55'),('A8BBAD2B-D020-4981-8BBE-FB28E4AEAD3B','anonymous|','192.168.1.101','2012-08-31 09:26:21'),('A90C9C8C-5D6E-410E-926E-25FE0FAE3727','001|调试','192.168.1.115','2012-02-03 11:55:12'),('A9435658-1314-4A02-B4A0-4B4AB578AE4C','liuxiaoshan|刘晓山|刘晓山','192.168.1.107','2012-05-02 17:13:24'),('A96A2477-7967-456E-B17B-3C43A0D95AB3','anonymous|','192.168.1.111','2012-09-06 13:56:26'),('A987CAF1-FFF6-4A18-AEA4-9EEDFAC892D7','001|调试','127.0.0.1','2011-08-27 18:53:38'),('A9CDB577-1330-4CA3-A17A-908F7159A50C','anonymous|田燕','192.168.1.110','2012-10-29 11:15:59'),('AA13D14F-177B-47FB-AEB1-D42498A2E894','001|调试','192.168.1.103','2012-10-18 16:39:32'),('AA2E78B4-1A6E-4B8F-BD8A-27C819A5CAC2','anonymous|','127.0.0.1','2012-11-27 11:10:20'),('AA3D3792-54F0-4537-A179-0895BD9103AA','001|调试','192.168.1.115','2012-01-31 10:13:44'),('AA8D6254-5981-4FDB-A963-45448AF5069F','001|调试','192.168.1.112','2012-05-21 11:34:28'),('AAF792C4-0799-45F7-AFAC-1890AC3F5740','001|调试','127.0.0.1','2011-09-22 20:54:50'),('AB123356-32E2-4582-9B43-28DF6F503DCC','001|调试','192.168.1.110','2012-02-06 14:31:10'),('AB34DFB9-C9F9-4FA7-BB19-DBADD642B620','anonymous|席军','192.168.1.103','2011-12-02 12:17:57'),('AB407546-9FB5-4AC4-96F9-2E631108EB95','anonymous|','192.168.1.117','2012-02-16 15:10:10'),('AB425E25-5DCC-4BF5-8EF5-55C3B7887590','001|调试','192.168.1.103','2012-10-19 09:24:40'),('AB753D7F-6BF5-40A2-8F9A-3AB53D709E2F','001|调试','192.168.1.104','2012-06-19 16:25:20'),('AB7A1209-609C-44C9-8EF4-7A0287780552','anonymous|张玉杰','192.168.1.105','2012-07-26 09:33:58'),('ABC8DEE1-8761-4EC0-A404-6D09BD9F9C3B','001|调试','127.0.0.1','2011-08-21 18:51:53'),('AC698560-CCD5-4866-808C-39BF6C0E9441','001|调试','192.168.1.103','2011-11-26 11:40:36'),('ACA37558-B2D3-491A-A291-3271D7541C9E','001|调试','192.168.1.110','2012-01-31 16:38:54'),('AD83D841-A3DC-4D60-94C1-91C772446C8E','001|调试','127.0.0.1','2011-08-21 20:57:02'),('AE0B4CB6-558E-4573-857F-51C502189F9B','001|调试','127.0.0.1','2011-08-21 17:51:07'),('AF0BB670-236A-4342-B394-7AAAE7306230','001|调试','192.168.1.110','2012-01-31 16:37:48'),('AF38AE26-1D67-42BA-9B51-F80AB4C36D21','anonymous|杜娟丽','192.168.1.117','2012-02-16 09:54:40'),('AF5E98A1-FC7C-4BB6-9B65-F32C3330DED7','anonymous|','192.168.1.112','2012-05-02 14:19:27'),('AFF6F59D-DBBB-4CA0-91E5-FC6A9A413C2F','001|调试','192.168.1.100','2012-07-19 10:40:20'),('B01CD8A6-7921-4279-8252-5C7509559354','anonymous|','127.0.0.1','2012-11-27 10:52:46'),('B0827F1C-A0D8-49D4-AC14-DC5BE9789D33','001|调试','127.0.0.1','2011-11-26 11:38:45'),('B0A6C352-6725-4BB2-A89A-2EEDD3E43E11','anonymous|','127.0.0.1','2011-12-06 12:28:39'),('B14BF165-FFAA-4F65-88AE-6C6C3A0D6826','001|调试','192.168.1.115','2012-01-31 11:55:41'),('B16CE97C-A308-486F-A59B-1A628C0FC95D','001|调试','192.168.1.102','2012-09-19 10:58:34'),('B1BDEA3F-7BC5-460D-9EF1-ECD9EC9A093C','anonymous|','192.168.1.107','2012-05-02 17:13:11'),('B1D706E7-0F96-4BE7-B5DC-28E0F0136153','001|调试','192.168.1.106','2012-05-08 09:04:13'),('B1DA8A4C-FE41-4745-8502-0E8F7F0DAF91','001|调试','192.168.1.106','2012-10-29 14:36:44'),('B27CA8B2-AB3A-40C8-8AF7-62E696BE940A','001|调试','192.168.1.110','2012-02-14 10:56:18'),('B280DC5B-E08F-4F98-AB61-3E8244893BAD','anonymous|','127.0.0.1','2012-11-27 11:10:36'),('B2C0AA08-A9A6-415C-9291-E7DCBEF3EE3F','001|调试','192.168.1.114','2012-05-17 11:15:08'),('B3BC60DD-1953-43F2-8CAE-2E37D225DDFD','001|调试','192.168.1.103','2012-10-19 10:46:43'),('B3BFF4AA-AB2B-41AD-A1FE-4E239B85C872','anonymous|','192.168.1.100','2012-06-27 08:31:53'),('B40CF9B9-D0E5-4590-BEEE-2C3ECC91028C','001|调试','192.168.1.106','2012-10-30 15:01:56'),('B453CA01-7424-484F-B203-9CE879D7A3A1','001|调试','127.0.0.1','2011-09-26 19:36:34'),('B4CAF971-2926-4888-8392-22616E4FB48F','001|调试','127.0.0.1','2011-10-07 00:33:29'),('B5980652-F6D5-4DE2-B7FA-71A623AC78A6','001|调试','192.168.1.104','2012-06-19 16:35:22'),('B59EE8AB-6BF3-4A4B-A4F6-2594AD631472','001|调试','192.168.1.110','2012-01-17 14:12:36'),('B5F3D5F1-F83F-463B-96EB-21FF51DD7399','001|调试','127.0.0.1','2011-10-07 18:37:35'),('B665BA0A-8B12-4736-B5FA-88DF97A0C9D8','001|调试','192.168.1.102','2012-09-19 10:25:51'),('B71481E9-EAE0-42BE-A4C0-15FC1330B79F','anonymous|','192.168.1.250','2012-07-11 16:41:25'),('B74FACB1-867C-40FD-B1EB-9D76D73C5756','001|调试','192.168.1.104','2012-06-19 16:31:21'),('B7A3E04C-13CA-4B70-86F0-5960A17B49FB','001|调试','192.168.1.115','2012-02-03 12:33:23'),('B84C9CE8-7C9F-47B6-B200-2D487942FDFB','001|调试','192.168.1.104','2012-07-19 09:20:22'),('B8BDBF6D-53A5-46CA-8753-EA8110D1DAD9','anonymous|张玉杰','192.168.1.104','2011-12-02 09:31:49'),('B9063843-216A-474A-9580-D822712159D1','001|调试','192.168.1.115','2012-02-03 16:33:35'),('B91B5ECC-4DD3-492F-B6E1-7D7BDD2FD3E0','001|调试','127.0.0.1','2011-08-27 20:43:15'),('B9233270-24CE-4EA9-AA6D-38827BCC0E0C','001|调试','192.168.1.115','2012-02-01 10:02:43'),('B946F290-DB76-412C-A2E4-A764F5F60945','anonymous|张玉杰','192.168.1.105','2011-11-14 08:35:58'),('B978BD92-601A-4482-8361-502B926DCDB5','001|调试','192.168.1.115','2012-01-31 11:08:29'),('BA03810F-EF1C-49C9-BE91-F71C90D4FC2A','001|调试','127.0.0.1','2011-08-27 20:41:33'),('BA4A7DB1-8ABB-4B5E-B7FE-D7BB72043E85','001|调试','192.168.1.110','2012-01-13 09:16:25'),('BAD1E914-F782-4F82-A65C-576B3D7F663C','001|调试','192.168.1.112','2012-05-21 11:14:16'),('BADA1647-A6DD-4E67-9B33-73F428F65C7C','001|调试','127.0.0.1','2011-08-27 23:24:21'),('BB1DD715-5186-47BB-A3CD-2BCC53BE33A3','001|调试','192.168.1.103','2012-10-19 13:21:00'),('BB2551C2-8C31-4D71-9556-EF14149043D2','001|调试','127.0.0.1','2011-09-18 23:19:23'),('BC03FBB1-AB80-4D9B-9136-65AB866DEC4C','anonymous|张玉杰','192.168.1.104','2011-12-02 09:31:09'),('BC760A01-E3EB-4B75-AA22-52A75C2DE697','anonymous|','192.168.1.114','2012-01-20 11:51:41'),('BCC756FE-615B-41AA-B792-321C3AC37D3B','anonymous|','192.168.1.109','2012-08-14 10:22:18'),('BDCCDEF4-74DF-42E2-A608-7A0C8BFABB60','001|调试','127.0.0.1','2013-03-09 23:00:20'),('BDE3F91F-45AE-4551-A454-97C19DB256BD','anonymous|杜娟丽','192.168.1.107','2012-10-30 16:10:20'),('BE66D35D-F761-4B2A-8314-7792F2DE3378','001|调试','127.0.0.1','2011-10-01 20:32:14'),('BF16A372-5BA4-446E-A2C8-A0770618E530','001|调试','127.0.0.1','2011-08-24 20:09:17'),('BFAF1555-621D-4FCC-86F9-3B5BA40833CD','001|调试','127.0.0.1','2011-08-21 20:03:05'),('C0155AD8-1FD2-4A08-87F4-051AF39600B6','anonymous|','192.168.1.112','2012-06-01 08:39:27'),('C035B3EF-2818-46CB-BAF6-51F2BF2F1E0B','001|调试','192.168.1.104','2012-11-01 09:02:53'),('C079A51F-5CEE-4EEC-B264-1F24436DFB6B','001|调试','192.168.1.110','2012-01-13 16:43:18'),('C1058444-4720-4382-8666-04DE1618CF6D','001|调试','192.168.1.103','2011-11-26 13:16:02'),('C1408D9A-6ABF-45A3-A057-DF2185A64F7A','001|调试','192.168.1.115','2012-01-30 16:21:51'),('C151FAB8-0FA2-4E5F-9A3C-4DBA9AFB319D','anonymous|','192.168.1.104','2011-10-31 08:47:36'),('C1B208BF-C4B8-4FF6-8958-83AE5F0F7887','001|调试','127.0.0.1','2011-08-27 21:01:30'),('C1B8B8B6-945B-4FA9-BA5F-A3979580831C','anonymous|田燕','192.168.1.103','2012-09-10 11:12:19'),('C1BFF06F-BFC3-45A5-80A7-153D57FE2F15','anonymous|','192.168.1.103','2012-05-17 11:04:15'),('C1EB2B08-7220-4860-ABFD-B87819159F74','001|调试','127.0.0.1','2013-03-09 19:46:28'),('C22D2CD3-9F50-4159-AED1-D2A81382708B','001|调试','192.168.1.102','2011-09-24 09:31:12'),('C23DAE63-1128-4485-9967-EA6F7FD52C21','001|调试','127.0.0.1','2011-08-27 14:08:17'),('C250F998-D20F-4C51-A11B-280AB900920A','001|调试','192.168.1.115','2012-01-31 13:56:49'),('C251ED88-2C93-4E9B-BC36-5B0A3D794D86','anonymous|杨丽','192.168.1.114','2012-05-17 11:22:15'),('C3728E46-2384-46EF-9477-06391D117D1F','001|调试','127.0.0.1','2011-08-29 20:33:28'),('C3794DFF-CB51-47BF-912E-6BFD860F727C','001|调试','127.0.0.1','2011-09-06 15:51:47'),('C3BFB621-22C6-4C0D-BBAA-910F0B12B1A6','anonymous|','192.168.1.105','2012-04-16 17:45:28'),('C3E7B9F1-1C32-422D-87D2-F1A650011F30','anonymous|席军','192.168.1.103','2011-12-05 11:23:05'),('C54532F3-3BE1-47BE-9C0A-1F789EE9C7C5','001|调试','192.168.1.115','2012-02-01 11:51:54'),('C547C25B-65FC-49A6-AC00-564FE51AE2AD','anonymous|田燕','192.168.1.110','2012-10-29 09:23:06'),('C560A573-87BB-462A-BDD5-BF02E1D9A1CF','anonymous|','192.168.1.106','2012-09-14 10:51:36'),('C57C9B4F-69B6-4ACB-86CF-1EF1E59D293E','001|调试','192.168.1.110','2012-01-17 12:01:46'),('C58C0DBB-AA61-4C81-847E-C2C8BA7A4E24','001|调试','192.168.1.104','2012-11-02 10:15:06'),('C5C14666-B75F-48A4-8359-B3D0F3323835','anonymous|杨丽','192.168.1.106','2012-03-29 16:34:58'),('C63B8A36-3416-4241-A6E9-71FFC940C826','001|调试','192.168.1.110','2012-02-16 15:39:36'),('C65D7725-8AE1-47A4-99FB-F2909D99C74B','001|调试','192.168.1.115','2012-02-02 16:34:00'),('C6895D8C-4A97-437B-9530-ED9B2276F8EF','anonymous|田燕','192.168.1.103','2012-09-10 10:39:32'),('C6963255-69F9-4835-BD44-73AA8C4495DD','anonymous|','192.168.1.105','2012-04-17 10:34:24'),('C6BCC149-1682-4199-BC9B-19FB86BB8B93','001|调试','127.0.0.1','2011-09-22 23:59:24'),('C718A63B-521B-437D-BACF-A596FF78FFFE','anonymous|','192.168.1.105','2012-10-11 09:09:11'),('C77647D4-F6DC-42E1-8A09-3CAE672DCE32','001|调试','192.168.1.102','2011-09-24 10:20:04'),('C77D3E3D-F50C-4911-8BEB-B6B9F9B1463D','001|调试','127.0.0.1','2011-10-06 18:14:48'),('C7D6E80A-CE0E-4EEB-8760-F6B9B397A4D4','anonymous|席军','192.168.1.103','2011-12-02 12:20:32'),('C7F0F6D8-0C58-4633-9AAC-FDE59C3AF8DC','001|调试','127.0.0.1','2011-10-07 01:18:56'),('C7F53F80-A9F3-4B8A-A6EC-9515EFCF5AF4','001|调试','192.168.1.103','2012-10-19 14:16:12'),('C82AF7E0-C10F-4AB9-9774-48913C224546','001|调试','192.168.1.110','2012-01-20 12:15:37'),('C83D6E4A-82F9-4B71-BE06-514D9DF7BC2F','001|调试','192.168.1.102','2011-09-24 10:31:40'),('C85E299F-5233-4CAE-9037-CA4B9C1BC894','001|调试','127.0.0.1','2011-09-21 22:45:19'),('C86A8EBC-28A9-45D4-BAEF-9C0B30E8A422','001|调试','127.0.0.1','2011-09-25 19:30:05'),('C8A524F5-9E42-4020-BEF2-74D155B97663','001|调试','192.168.1.106','2012-10-30 13:42:23'),('C8F79CA0-E258-40E0-997D-1B53E2B3C013','001|调试','192.168.1.109','2012-11-23 15:31:37'),('C8F9708D-DD73-488A-85B1-B28AF83C2D99','001|调试','192.168.1.106','2012-05-07 11:38:15'),('C8FEED65-6F5B-4A77-843C-FB777944D456','001|调试','127.0.0.1','2011-09-04 11:36:18'),('C90199F4-436C-487C-9D5C-EC97BD41E5BA','001|调试','127.0.0.1','2011-10-07 02:16:43'),('C9276A48-4498-4928-8BE0-A4081BFB0179','anonymous|','192.168.1.250','2012-07-11 14:58:04'),('C9E5FAFF-A395-4456-94E6-83086F119ABC','anonymous|杜娟丽','192.168.1.103','2012-09-14 10:51:42'),('C9F5B77B-1482-4A8B-8AF5-D107C3B2E33B','001|调试','192.168.1.110','2012-02-09 09:05:38'),('CA071526-D526-4B39-9198-EB20B715D09C','001|调试','127.0.0.1','2011-10-07 01:39:28'),('CA1F1FCA-BA25-40F2-A3A0-1CC8E7B70FDD','001|调试','192.168.1.115','2012-02-01 10:06:14'),('CABBF586-A882-47D2-B68C-54F96F890536','001|调试','192.168.1.114','2012-03-31 16:01:51'),('CACFD355-F0D6-40CE-9AF8-8FEBC5894941','anonymous|张玉杰','192.168.1.104','2011-12-02 09:51:53'),('CAE396B0-1923-4BF5-A84C-3003CA495BD3','001|调试','192.168.1.110','2012-02-08 14:24:19'),('CB851191-E345-465F-B37A-93C3C80513EF','001|调试','127.0.0.1','2011-09-22 23:23:11'),('CBB40F4B-E616-43B6-BCF3-1CD9BE962C4B','001|调试','127.0.0.1','2011-10-04 07:47:36'),('CBD74D3A-A644-46C9-A5DB-B71E267AE2E1','anonymous|杜娟丽','192.168.1.107','2012-10-31 15:55:14'),('CBE4AD54-82B6-4E34-A85B-94A363DC6EBB','anonymous|','192.168.1.111','2012-09-06 14:29:55'),('CBE999C5-BB7F-4779-8E1F-F8A6A5121D57','anonymous|','192.168.1.107','2012-05-02 16:05:25'),('CBEC1FEA-9C87-43A4-8753-31ED6B232B9C','001|调试','127.0.0.1','2011-09-14 18:44:13'),('CBF2BF87-7014-48D7-ADBC-C6E40721C852','001|调试','192.168.1.110','2012-01-20 10:34:49'),('CBF99787-A475-4232-B55C-839E5A0E845E','001|调试','127.0.0.1','2011-08-21 19:12:04'),('CC4FC78C-020A-48BD-9C7A-9EC463DA93E5','001|调试','192.168.1.103','2011-10-18 11:12:28'),('CCBB4E1B-C84A-4456-919D-43BA9FEF3CFA','001|调试','192.168.1.115','2012-02-02 14:44:12'),('CCF5B97F-85E5-4053-B4C9-B7A850296C00','001|调试','127.0.0.1','2011-08-20 23:03:27'),('CD0E8572-9949-49FC-98B0-C943E7DA00BA','001|调试','127.0.0.1','2011-09-04 09:45:24'),('CE244D52-2B7A-42A5-9158-F7C8CA0D0585','001|调试','192.168.1.100','2012-07-19 09:54:30'),('CE9C0E6E-AD45-4EAD-B255-110EBD46AE1F','001|调试','127.0.0.1','2011-10-07 02:14:11'),('CECE1C74-BA1E-4F8B-80E4-E909E4E99D35','anonymous|','127.0.0.1','2012-11-27 10:54:53'),('CF00CB74-753E-4A2B-8982-3E3D4AD18331','001|调试','192.168.1.115','2012-02-03 12:31:43'),('CF0A95BE-E7D6-445F-994E-8AE16DF6BCDE','anonymous|席军','192.168.1.103','2011-12-02 17:13:01'),('CF3F4253-78A6-4529-AC7B-43EE90A2E848','001|调试','127.0.0.1','2011-10-06 18:23:50'),('CF52CE20-06F5-433F-97BC-22384FCB0822','001|调试','127.0.0.1','2011-08-22 20:49:03'),('CF606CE5-FF69-467D-8056-B4521E146180','001|调试','127.0.0.1','2011-09-06 20:45:55'),('CF9E528A-9D94-44D3-A86E-58F1FB4081EB','anonymous|','192.168.1.117','2012-02-16 15:32:32'),('D05CF422-CA53-4D0D-9E22-4B5D8CA34E4C','anonymous|','192.168.1.250','2012-07-11 16:17:43'),('D0ADF384-9E7D-42BE-AAD5-F4772CC88246','001|调试','192.168.1.102','2012-07-23 09:15:43'),('D12E3FD1-8ACF-476B-A657-515C8054C75C','001|调试','192.168.1.103','2012-01-20 15:33:30'),('D179180C-2C3F-415D-9173-70D2D98F5320','001|调试','127.0.0.1','2011-09-26 02:12:37'),('D1E78F12-BA7D-4232-9936-AB78AB01EBD4','001|调试','192.168.1.103','2011-10-18 10:55:44'),('D23835CB-AE6F-4119-BE04-4B0C41D1B497','anonymous|','192.168.1.107','2012-05-02 16:34:27'),('D247FC67-BE0A-40B7-B3E6-963C903D48F8','001|调试','127.0.0.1','2011-10-03 08:28:28'),('D2AA67E0-C8CD-45FB-84D7-0AA7A14B8530','001|调试','192.168.1.109','2012-11-23 09:22:23'),('D2B270C4-F2D8-445A-BAB4-D3D77A6F0D6F','001|调试','127.0.0.1','2011-08-27 21:03:51'),('D3B6095E-D9E4-4D59-92B7-9899DF2C5C9E','001|调试','192.168.1.106','2012-05-07 14:23:48'),('D3CCF2CD-50DB-4C9F-AB97-178C0C6CB51D','anonymous|','127.0.0.1','2012-11-27 11:06:44'),('D3EF0318-C6C5-49E7-9D07-6521AFD945A5','anonymous|杨丽','192.168.1.105','2011-11-04 16:14:15'),('D3F3E13D-A8E6-4991-8841-1334ABCF3C00','001|调试','192.168.1.115','2012-02-02 08:55:56'),('D3FB57A6-A54A-40C4-A7DB-E5FF549A87C2','anonymous|','192.168.1.112','2012-06-01 15:52:59'),('D421EEB0-C781-4460-899C-3B95E2E7E74C','anonymous|杜娟丽','192.168.1.117','2012-02-15 17:36:20'),('D42EE228-413D-41B5-8269-CCBF42C120CF','001|调试','127.0.0.1','2011-08-21 23:13:25'),('D4BC6A1B-DAB4-40E4-A472-27A05ED5DCAF','001|调试','192.168.1.110','2012-01-16 16:31:27'),('D4F22723-99C4-43EA-BE6B-160A19A98419','001|调试','192.168.1.110','2012-01-20 14:46:23'),('D5BE9FBA-FCFA-4052-AA14-E0664D21C900','001|调试','192.168.1.115','2012-01-29 09:00:19'),('D6091CD1-7818-4E47-B294-F6139F5763EC','001|调试','192.168.1.103','2012-09-11 10:33:49'),('D63D5CAC-5A31-4351-B5E5-7AB388CE5DD5','001|调试','192.168.1.104','2012-06-19 16:28:27'),('D6CA1E8A-0169-4836-9A70-FB2BD4017334','show|演示|演示','127.0.0.1','2013-03-07 16:47:48'),('D7363538-F30A-4E6B-9503-6C6D2FF9253E','anonymous|席军','192.168.1.103','2011-12-05 11:55:45'),('D7B5CD46-B47D-44FB-AAE0-DF9D85E76A7E','anonymous|杜娟丽','192.168.1.117','2012-02-16 09:17:30'),('D7B9ADE7-4253-41EA-AAF5-4C091744D4C6','001|调试','192.168.1.106','2012-05-08 10:14:21'),('D96D9C9D-9C25-4399-8C98-CA85C3F69C68','anonymous|杜娟丽','192.168.1.117','2012-02-15 16:49:43'),('DA0F19B3-3B4C-40AA-8395-F6C4A6DAB41C','001|调试','127.0.0.1','2011-10-07 00:50:32'),('DA19DAB9-4DA2-421D-8A35-6FB54BABA527','001|调试','127.0.0.1','2011-08-27 14:45:31'),('DAA6E978-94DE-40E2-9143-9A068EE0A069','001|调试','127.0.0.1','2011-10-01 21:26:20'),('DAD242B6-F9BD-4A56-A9C1-E80AFCF4FB9F','001|调试','192.168.1.102','2011-09-24 10:01:29'),('DAD8A373-9BEC-4AC6-9165-75A73C2E8047','001|调试','192.168.1.115','2012-01-31 17:28:39'),('DBCBECC1-D0E6-43FC-BC75-5690531A701D','001|调试','192.168.1.110','2012-01-20 16:05:37'),('DBD87F5A-D252-4DE1-A92D-CEACB68D4EA7','001|调试','127.0.0.1','2011-12-06 12:29:42'),('DC31EE6F-BF18-41CC-949B-0C37C1B6D232','001|调试','127.0.0.1','2011-08-27 10:08:37'),('DC79BA43-166A-4F90-98F2-9EB93A997584','001|调试','127.0.0.1','2011-10-01 21:16:20'),('DC94D368-DEF6-408B-893C-0B2054F75D28','001|调试','127.0.0.1','2011-09-18 12:12:54'),('DCA05949-6101-48E8-ADFD-4623C59AF3EE','anonymous|张玉杰','192.168.1.105','2012-07-26 09:29:28'),('DCD1C6AF-5B63-4851-8F17-B5A76A0773C6','001|调试','192.168.1.104','2012-06-19 16:36:03'),('DDF0E380-B30A-4590-9355-EB53BBFED4C0','001|调试','127.0.0.1','2011-08-19 17:02:26'),('DE2847D0-D68E-4440-8C3A-261048E32401','001|调试','192.168.1.110','2012-02-17 09:49:15'),('DE88FBE4-A90A-4139-97E7-F25087DA94C1','anonymous|','192.168.1.112','2012-05-02 14:19:27'),('DE8A3A61-F246-4077-AF31-E46525A23885','001|调试','127.0.0.1','2011-10-01 21:26:20'),('DEE88B12-A68D-4008-AC11-BFB88E2A056D','anonymous|','192.168.1.111','2012-09-06 14:30:49'),('DFB63210-FE53-4B14-901A-1FD40666AD74','001|调试','192.168.1.115','2012-02-01 10:59:47'),('DFB726F7-BCA6-4748-9CB7-C33412EAA1C3','anonymous|杜娟丽','192.168.1.107','2012-10-31 14:03:52'),('DFDF5F64-9C3D-4C1A-BF04-02FED6DF71CE','001|调试','127.0.0.1','2011-10-07 21:15:58'),('DFE9DA5F-F1A3-4CA9-99B7-22B6BEB2C51A','001|调试','127.0.0.1','2011-09-26 00:38:27'),('DFFC5C20-C72E-40F3-A978-A73826B633F8','001|调试','192.168.1.115','2012-02-02 15:00:04'),('E0716D13-2F84-4C2B-88E5-D7D56715E08F','anonymous|','192.168.1.103','2011-10-18 10:03:30'),('E10FD13C-54E6-44E7-8D28-ACC55DAC766D','001|调试','192.168.1.115','2012-01-31 11:20:31'),('E12F399F-933E-40E1-8DD8-9E19E7F922E4','001|调试','127.0.0.1','2011-08-27 21:26:26'),('E1559074-5EB8-4F61-B685-5974E4BAF62B','001|调试','127.0.0.1','2011-09-04 21:44:35'),('E1A1F33A-1311-4FC3-9FED-656A83A870B0','001|调试','192.168.1.103','2012-10-19 11:37:03'),('E2038078-7422-41CA-9AAF-C75EB2B5BBF8','001|调试','192.168.1.110','2012-01-17 13:45:16'),('E2393589-29F7-4B79-9033-65B4D737E1BB','anonymous|','192.168.1.111','2012-09-06 09:42:06'),('E26865D8-DDC4-44A9-A5F9-21924D85F55F','001|调试','192.168.1.115','2012-01-21 11:20:56'),('E282C763-F1E5-4AA6-8479-FE6F2F4A9199','001|调试','127.0.0.1','2011-09-18 11:44:01'),('E2AAAA62-7EB8-4073-ACD3-092329769845','001|调试','127.0.0.1','2011-10-01 21:42:15'),('E2E70B24-CBDD-4C0D-AB8F-42400564308A','001|调试','192.168.1.112','2012-05-17 11:23:05'),('E33C56EA-989D-48E8-961C-6424F6E750F4','001|调试','192.168.1.115','2012-02-03 11:55:41'),('E3F0AAD9-2F86-40C5-BAB0-764DFF2436D3','001|调试','192.168.1.109','2012-11-09 10:32:07'),('E3F30387-7554-4172-81E1-9E9386A17FAC','001|调试','127.0.0.1','2011-09-28 23:41:55'),('E4A122DB-E7AE-4704-A9FE-24F21E4BBC7A','001|调试','192.168.1.110','2012-02-16 16:28:34'),('E4A2DCE5-829B-4BC0-BEEC-1317C4897754','anonymous|','192.168.1.103','2012-05-17 09:28:47'),('E5E67D3A-8042-4D53-9143-792D0B42EFA3','001|调试','192.168.1.110','2012-01-20 14:46:07'),('E5F96B97-D307-4635-9532-9F845859BAA4','anonymous|张玉杰','192.168.1.104','2011-12-02 09:22:55'),('E61FC77D-DB1D-461F-B078-F8254959056F','001|调试','192.168.1.104','2012-10-31 15:55:53'),('E63CBD91-05CC-4E30-916C-26D4154F7123','001|调试','127.0.0.1','2011-09-26 21:41:34'),('E666D827-765E-41C1-BCEE-A607DFE3BC09','001|调试','127.0.0.1','2011-10-07 01:26:04'),('E6CB4CCA-A5E4-4ED8-9CB0-DFC864ACA747','001|调试','127.0.0.1','2011-11-26 11:39:17'),('E6E9A5B3-EE04-455A-98B5-79889E4908BD','001|调试','192.168.1.104','2012-06-19 16:21:54'),('E727E5DB-35BE-4007-9C5A-43846669CB86','001|调试','192.168.1.115','2012-02-03 14:58:51'),('E7A73D46-061F-4BDE-BA99-6A284670BC46','001|调试','127.0.0.1','2011-10-07 01:05:58'),('E7B3A435-644B-4A2A-B937-A09175A205F1','001|调试','192.168.1.115','2012-01-31 15:04:20'),('E80CD716-9A5F-4F96-9414-AAE2AB22A7CF','001|调试','127.0.0.1','2011-08-30 05:53:21'),('E88F862C-4591-4024-B328-6DF77D4F6E85','anonymous|','192.168.1.107','2012-11-08 13:48:48'),('E955D3AE-102F-49C3-A2BE-4B3F59D70571','anonymous|','192.168.1.107','2012-11-08 14:24:39'),('E997010D-5358-4CFE-A639-563480A44CC4','anonymous|杨丽','192.168.1.106','2012-03-29 17:46:00'),('E9F568D1-DF53-4E98-BC3D-411756BB5C1A','001|调试','192.168.1.104','2012-06-19 15:25:39'),('EA4471E4-9958-4DE5-A5BB-3AD3DE5C254D','001|调试','127.0.0.1','2011-12-02 09:07:32'),('EA468E0F-4260-45C0-BA55-EB8E58CDABC4','001|调试','192.168.1.100','2012-07-19 10:40:44'),('EA7191E5-A0C6-44AF-9F2B-74A8CCF5582A','001|调试','127.0.0.1','2011-08-27 11:03:09'),('EA98D4E9-8F0A-4B77-86F1-C979E10C6609','anonymous|','192.168.1.112','2012-06-01 09:45:42'),('EACD5B54-E4A3-46E6-B17C-933633A3E3E4','anonymous|','192.168.1.103','2012-05-17 08:45:24'),('EB0EDA52-0DD0-4B0E-81EB-65A7201B7619','001|调试','192.168.1.115','2012-02-03 13:35:04'),('EB978468-10A7-433C-B325-7FE214553A0D','anonymous|杨丽','192.168.1.106','2012-03-29 16:32:59'),('EBB6DE30-F1E2-4537-8BEB-FACD5608A333','001|调试','192.168.1.102','2012-07-23 13:30:26'),('EBF14F50-F3AF-4E90-AE7F-CC427A5E12D4','001|调试','127.0.0.1','2011-08-28 22:28:45'),('EC304D8D-0065-418C-BA7F-639F3BFEB6B4','001|调试','192.168.1.103','2011-11-26 13:17:08'),('EC6807D4-F867-41E2-8A7B-1D474B92C75E','001|调试','127.0.0.1','2011-10-06 17:01:59'),('EC6BF082-778A-45F5-99E1-1410809B98A5','001|调试','192.168.1.110','2012-02-09 09:05:38'),('EC7B0C73-5607-4AE2-B3BE-3846E34C8562','001|调试','192.168.1.103','2012-01-18 11:38:48'),('EC899AFD-AB7D-4FF6-B6B8-37B5EB2FBF7C','001|调试','127.0.0.1','2011-10-06 17:22:04'),('ECA86C65-271B-494C-B0F2-3512F8CFE098','001|调试','127.0.0.1','2011-10-06 17:32:08'),('ED3F62C5-7FF2-46AA-A8A0-951251C03352','001|调试','192.168.1.109','2012-11-23 12:45:47'),('EE02E003-3577-4580-A766-433FDC64C3BA','001|调试','192.168.1.103','2012-09-11 10:13:43'),('EE3601FB-49AF-4B8B-B1FF-0F8CDC7372D8','001|调试','192.168.1.100','2012-07-11 11:18:49'),('EEB2BCFB-9DCA-4F94-B7D7-2848C47C9C75','001|调试','192.168.1.115','2012-02-03 15:11:50'),('EEEA24ED-D0F0-40E1-A9FB-73EF3559D959','001|调试','192.168.1.110','2012-01-12 17:03:42'),('EF250ED1-8845-4145-81B9-5814879A8113','anonymous|杜娟丽','192.168.1.101','2012-08-31 09:58:27'),('EF26C649-6794-405D-90DF-95204333C6DA','001|调试','192.168.1.110','2012-02-27 11:02:08'),('F03F9CF0-C064-4EC7-B4B1-58C24CADD663','001|调试','192.168.1.103','2012-10-19 09:11:15'),('F043C60F-1253-4998-A988-ECC120FDFF58','001|调试','192.168.1.110','2012-02-16 15:40:11'),('F0CB7417-E096-4F51-A09C-93F3A8881391','001|调试','127.0.0.1','2011-08-21 10:36:49'),('F14ACBD8-24B0-4763-901B-F4C65C607161','001|调试','127.0.0.1','2011-12-06 13:06:15'),('F1A7B6E7-1260-4745-93D5-7CA262BE6AB4','001|调试','127.0.0.1','2011-09-23 00:07:42'),('F28C45ED-01F0-4D4F-AF44-2F77F1A8AC7D','001|调试','192.168.1.109','2012-11-23 10:40:14'),('F2CE15FF-5E97-4255-ABE0-1F61F9EACE56','001|调试','192.168.1.103','2012-10-18 16:38:38'),('F2ECE4D6-1318-4EFF-8614-F408E0AC3B5F','001|调试','192.168.1.103','2011-10-18 10:54:56'),('F38D67BA-86C1-4CD9-AAD2-EB5E7C0CA0FC','anonymous|席军','192.168.1.103','2011-12-02 17:13:42'),('F3C4A7A8-C96E-492D-8BD5-C9ABDC942CB9','001|调试','192.168.1.115','2012-01-31 10:15:25'),('F42D79EF-4833-4B90-8750-23E0218CE8E0','001|调试','192.168.1.104','2012-06-19 13:37:46'),('F43B3C5E-578E-4553-A349-9401354E3016','001|调试','192.168.1.109','2012-11-23 13:14:57'),('F44A09B6-D1E0-459A-B484-8D6CA49849AD','anonymous|杜娟丽','192.168.1.107','2012-10-31 10:12:02'),('F482FFA4-D365-4980-B272-64DDEE996330','anonymous|张玉杰','192.168.1.104','2011-12-02 09:34:37'),('F4FC845F-3BE3-45CC-8FC6-65427C59862E','anonymous|田燕','192.168.1.103','2012-09-10 08:40:15'),('F591D5BC-AEA5-40D8-9122-D723755163E6','001|调试','192.168.1.110','2012-02-16 14:48:07'),('F61A6658-0F7E-4713-9282-5993722E6016','001|调试','192.168.1.103','2012-10-18 16:59:01'),('F65413A5-6CAD-493E-A047-3348D564BDDD','anonymous|','192.168.1.114','2012-01-20 12:01:05'),('F65E4D2D-B2D2-40E2-8CA9-CCE4EC168DCF','001|调试','192.168.1.109','2012-11-09 09:53:36'),('F6C043C3-3C2F-4102-90E5-A4A195F7F7A7','anonymous|','192.168.1.117','2012-02-16 15:26:18'),('F6F98623-7D9D-4B22-AF50-23F4AE5FC749','001|调试','127.0.0.1','2011-09-26 01:44:50'),('F712DBA9-9872-4A36-BC19-60D98B53EAE8','001|调试','127.0.0.1','2011-10-01 23:10:14'),('F7750A12-38B1-49C5-A4B4-3CA4698C2ABE','001|调试','127.0.0.1','2011-08-27 14:25:01'),('F79B8FBA-208D-49B6-8B75-CE8E8C713BDA','001|调试','192.168.1.114','2012-03-31 17:17:35'),('F8283920-732F-4FD7-86F4-97FA7D2D5402','001|调试','192.168.1.110','2012-01-17 14:18:30'),('F858F280-E2DD-4090-B88F-F71218EE788D','anonymous|','192.168.1.111','2012-09-06 14:44:42'),('F86060CB-285C-42D1-9FF5-4F1F98963DF5','anonymous|张玉杰','192.168.1.104','2011-12-02 09:38:36'),('F863EAE5-5172-4F55-A5D7-E3AC933428CA','001|调试','127.0.0.1','2011-08-26 21:51:02'),('F86BF48D-832F-45A4-B268-2F099B2388F6','anonymous|','192.168.1.100','2012-06-27 09:38:20'),('F8B73CCA-1F30-4FCF-BF11-B1027E72B44A','001|调试','192.168.1.106','2012-10-30 13:43:38'),('F8DC75E2-9928-43AD-A798-F096CF0FE4E4','001|调试','192.168.1.102','2012-09-19 10:40:33'),('F8EA04C3-2A70-45B7-B43A-7EC2D40B524C','001|调试','192.168.1.109','2012-11-23 11:10:35'),('F8FC5785-2770-4D40-8771-5D051315769C','anonymous|','192.168.1.107','2012-05-02 16:29:10'),('F93A29A4-0CAB-4E63-A3CB-32C7734D890F','001|调试','127.0.0.1','2013-02-22 13:31:24'),('F93F1AA3-EBA8-4CE9-992C-D8395453FABF','anonymous|席军','192.168.1.103','2011-12-05 11:25:08'),('F982F1FB-3AC9-4C96-9CCB-9998227D4AD5','001|调试','192.168.1.110','2012-01-18 13:24:21'),('F996D3A5-78F1-4FF5-BBF4-9CB26011BBC9','001|调试','192.168.1.104','2012-11-02 09:45:16'),('FA1FF051-EB8A-472A-B736-E765A39DAC43','001|调试','127.0.0.1','2011-10-01 21:16:20'),('FB9AC280-4A39-42F1-8932-1E274D3E9AE7','001|调试','192.168.1.104','2012-06-19 09:37:10'),('FBA5F9BB-62D6-49A4-BBCB-9D0FB08097BE','001|调试','192.168.1.115','2012-01-29 14:47:58'),('FBB60CF4-C534-4DE3-96F3-27705C89D10C','001|调试','127.0.0.1','2011-08-21 22:32:26'),('FBBE9E81-1698-49D9-9C66-BE05616CEAC8','anonymous|','192.168.1.107','2012-11-08 09:50:59'),('FBF5E8E8-CFCF-4D79-B79A-53C1FA5E9E4A','001|调试','127.0.0.1','2011-08-28 02:20:48'),('FC02A4D5-D905-462B-BA0A-9A14413DA1B8','001|调试','192.168.1.103','2012-01-18 11:40:36'),('FC1EC74D-F579-42D5-8F1A-1CDAAE50FE37','anonymous|','127.0.0.1','2012-11-27 11:01:52'),('FCC18B3C-C1C2-4895-8C4D-EEFE46814C84','anonymous|','192.168.1.107','2012-11-08 09:35:06'),('FCF3C341-2161-499B-9E35-8C88C18AAB7F','001|调试','127.0.0.1','2011-09-25 22:26:41'),('FD1067D4-0720-490C-AD39-5D789CF26C66','001|调试','192.168.1.110','2012-01-20 15:08:41'),('FD53AD3F-43B0-42F8-9924-4DC49D1CCC4F','001|调试','192.168.1.110','2012-01-18 11:34:40'),('FDA71752-F68E-43A7-B95D-B8D6E3B29A85','001|调试','192.168.1.109','2012-11-23 14:36:00'),('FDEEE436-6750-4CA6-9DA1-64D29C1E296D','001|调试','127.0.0.1','2011-10-07 00:08:10'),('FDF98AEE-EB62-477D-ABB0-DB8F6457B4DC','001|调试','127.0.0.1','2011-10-01 21:26:46'),('FE880037-9513-454C-B380-E9AB9393A127','anonymous|杜娟丽','192.168.1.103','2012-09-14 17:34:22'),('FEFA7172-4A11-42E8-911D-49D103177A39','001|调试','192.168.1.104','2012-11-01 09:03:21'),('FEFC9AE5-4FD3-4442-98FE-596E4BDD9411','001|调试','192.168.1.110','2012-01-31 16:37:57'),('FF86F2EE-00BF-4F9D-A47A-08FD5FA776FE','001|调试','192.168.1.106','2012-05-08 10:14:22'),('FFB27091-10DB-4C44-AE3C-E4D38F56751A','001|调试','192.168.1.110','2012-02-16 15:38:42'),('FFF5AD64-6980-43A2-94DC-86D6824A4C0C','001|调试','192.168.1.115','2012-02-02 15:17:13'),('FFFD7F8E-CEBF-4D6F-B35E-F93EA1A0DDAF','001|调试','127.0.0.1','2011-08-24 23:19:34');

/*Table structure for table `module_p` */

DROP TABLE IF EXISTS `module_p`;

CREATE TABLE `module_p` (
  `MODULE_ID` varchar(40) NOT NULL,
  `NAME` varchar(100) default NULL,
  `PARENT_ID` varchar(40) default NULL,
  `PARENT_NAME` varchar(100) default NULL,
  `LAYER_NUM` int(11) default NULL,
  `IS_LEAF` char(1) default NULL,
  `ICO` varchar(20) default NULL,
  `CURL` varchar(150) default NULL,
  `CTYPE` char(1) default NULL,
  `STATE` char(1) default NULL,
  `BELONG` varchar(100) default NULL,
  `CWHICH` char(1) default NULL,
  `QUOTE_NUM` int(11) default NULL,
  `ORDER_NO` int(11) default NULL,
  `CNOTE` varchar(30) default NULL,
  `CREATED_BY` varchar(40) default NULL,
  `CREATED_TIME` datetime default NULL,
  `UPDATED_BY` varchar(40) default NULL,
  `UPDATED_TIME` datetime default NULL,
  PRIMARY KEY  (`MODULE_ID`)
) ENGINE=InnoDB DEFAULT CHARSET=utf8;

/*Data for the table `module_p` */

insert  into `module_p`(`MODULE_ID`,`NAME`,`PARENT_ID`,`PARENT_NAME`,`LAYER_NUM`,`IS_LEAF`,`ICO`,`CURL`,`CTYPE`,`STATE`,`BELONG`,`CWHICH`,`QUOTE_NUM`,`ORDER_NO`,`CNOTE`,`CREATED_BY`,`CREATED_TIME`,`UPDATED_BY`,`UPDATED_TIME`) values ('01','系统功能模块','-1',NULL,0,'0',NULL,NULL,'2','1',NULL,NULL,0,1,NULL,NULL,'2009-05-24 18:29:55',NULL,'2009-05-24 18:29:55'),('0101','系统首页','01','系统功能模块',1,'0',NULL,'/home/main.do','2','1','title.jsp','',0,1,NULL,NULL,'2009-05-24 18:29:55','001','2010-10-31 22:13:06'),('010104','我的留言板','0101','系统首页',2,'0',NULL,'/home/olmsgListAction.do','3','1','/home/left.jsp','',0,4,NULL,'001','2010-02-22 17:29:24','001','2011-02-23 09:43:50'),('01010402','新建','010104','我的即时贴',3,'1','new','/home/olmsgCreateAction.do','4','1','/home/olmsg/olmsgList.jsp','',0,1,NULL,'001','2010-02-22 17:31:41','001','2010-02-23 09:06:27'),('01010403','位置','010104','我的留言板',3,'1','save','/home/olmsgPosSaveAction.do','4','1','/home/olmsg/olmsgList.jsp','',0,2,'保存留言窗口的位置信息','001','2010-02-23 08:59:30','001','2010-11-06 10:08:16'),('010107','系统使用反馈','0101','系统首页',2,'0',NULL,'/baseinfo/toUseFeedbackListAction.do','3','1','/home/left.jsp','0',0,7,NULL,'001','2010-12-20 15:38:13','001','2011-02-23 09:43:50'),('01010702','查看','010107','系统使用反馈',3,'1','view','/baseinfo/toUseFeedbackViewAction.do','4','1','/baseinfo/usefeedback/jUseFeedbackList.jsp','0',0,1,NULL,'001','2010-12-20 15:44:13',NULL,'2010-12-20 17:21:12'),('01010703','新建','010107','系统使用反馈',3,'0','new','/baseinfo/toUseFeedbackCreateAction.do','4','1','/baseinfo/usefeedback/jUseFeedbackList.jsp','0',0,2,NULL,'001','2010-12-20 15:44:13',NULL,'2010-12-20 17:21:12'),('0101070302','确定','01010703','新建',4,'1','save','/baseinfo/doUseFeedbackCreateSaveAction.do','4','1','/baseinfo/usefeedback/jUseFeedbackCreate.jsp','0',0,1,NULL,'001','2010-12-20 15:45:10',NULL,'2010-12-20 17:21:12'),('0101070303','暂存','01010703','新建',4,'1','save','/baseinfo/doUseFeedbackCreateSaveAction.do?flag=tempsuccess','4','1','/baseinfo/usefeedback/jUseFeedbackCreate.jsp','0',0,2,NULL,'001','2010-12-20 15:45:10',NULL,'2010-12-20 17:21:12'),('01010704','修改','010107','系统使用反馈',3,'0','update','/baseinfo/toUseFeedbackUpdateAction.do','4','1','/baseinfo/usefeedback/jUseFeedbackList.jsp','0',0,3,NULL,'001','2010-12-20 15:44:13',NULL,'2010-12-20 17:21:12'),('0101070402','确定','01010704','修改',4,'1','save','/baseinfo/doUseFeedbackUpdateSaveAction.do','4','1','/baseinfo/usefeedback/jUseFeedbackUpdate.jsp','0',0,1,NULL,'001','2010-12-20 15:45:49',NULL,'2010-12-20 17:21:12'),('0101070403','暂存','01010704','修改',4,'1','save','/baseinfo/doUseFeedbackUpdateSaveAction.do?flag=tempsuccess','4','1','/baseinfo/usefeedback/jUseFeedbackUpdate.jsp','0',0,2,NULL,'001','2010-12-20 15:45:49',NULL,'2010-12-20 17:21:12'),('01010705','删除','010107','系统使用反馈',3,'1','delete','/baseinfo/doUseFeedbackDeleteAction.do','4','1','/baseinfo/usefeedback/jUseFeedbackList.jsp','0',0,4,NULL,'001','2010-12-20 15:44:13',NULL,'2010-12-20 17:21:12'),('01010706','处理','010107','系统使用反馈',3,'0','new','/baseinfo/toUseFeedbackAnswerAction.do','4','1','/baseinfo/usefeedback/jUseFeedbackList.jsp','0',0,5,NULL,'001','2010-12-20 16:56:24','001','2010-12-21 09:38:33'),('0101070602','确定','01010706','处理',4,'1','save','/baseinfo/doUseFeedbackAnswerSaveAction.do','4','1','/baseinfo/usefeedback/jUseFeedbackAnswer.jsp','0',0,1,NULL,'001','2010-12-21 09:43:35','001','2010-12-21 09:48:32'),('0101070603','暂存','01010706','处理',4,'1','save','/baseinfo/doUseFeedbackAnswerSaveAction.do?flag=tempsuccess','4','1','/baseinfo/usefeedback/jUseFeedbackAnswer.jsp','0',0,2,NULL,'001','2010-12-21 09:43:35','001','2010-12-21 09:44:50'),('0103','基础信息','01','系统功能模块',1,'0',NULL,'/baseinfo/welcome.do','2','1','title.jsp','',0,17,NULL,NULL,'2009-05-24 18:29:55','001','2010-11-10 11:18:24'),('010301','问题反馈与处理','0103','基础信息',2,'0','view','/baseinfo/toQuestionListListAction.do','3','1','/baseinfo/left.jsp','',0,5,'',NULL,'2009-06-18 21:22:55','001','2010-11-10 17:16:45'),('01030101','查看','010301','问题处理',3,'1','view','/baseinfo/toQuestionListViewAction.do','4','1','/baseinfo/questionlist/questionListList.jsp',NULL,0,1,NULL,NULL,'2009-06-18 21:23:05',NULL,'2009-06-18 21:23:05'),('01030102','新建','010301','问题处理',3,'1','new','/baseinfo/toQuestionListCreateAction.do','4','1','/baseinfo/questionlist/questionListList.jsp',NULL,0,2,NULL,NULL,'2009-06-18 21:23:05',NULL,'2009-06-18 21:23:05'),('0103010201','确定','01030102','新建',4,'1','save','/baseinfo/doQuestionListCreateSaveAction.do','4','1','/baseinfo/questionlist/questionListCreate.jsp',NULL,0,3,NULL,NULL,'2009-06-18 21:23:05',NULL,'2009-06-18 21:23:05'),('01030103','修改','010301','问题处理',3,'1','update','/baseinfo/toQuestionListUpdateAction.do','4','1','/baseinfo/questionlist/questionListList.jsp',NULL,0,4,NULL,NULL,'2009-06-18 21:23:05',NULL,'2009-06-18 21:23:05'),('0103010301','确定','01030103','修改',4,'1','save','/baseinfo/doQuestionListUpdateSaveAction.do','4','1','/baseinfo/questionlist/questionListUpdate.jsp',NULL,0,5,NULL,NULL,'2009-06-18 21:23:05',NULL,'2009-06-18 21:23:05'),('01030104','删除','010301','问题处理',3,'1','delete','/baseinfo/doQuestionListDeleteAction.do','4','1','/baseinfo/questionlist/questionListList.jsp',NULL,0,6,NULL,NULL,'2009-06-18 21:23:05',NULL,'2009-06-18 21:23:05'),('01030105','查询','010301','问题处理',3,'1','search','/baseinfo/toQuestionListSearchAction.do','4','1','/baseinfo/questionlist/questionListList.jsp',NULL,0,7,NULL,NULL,'2009-06-18 21:23:05',NULL,'2009-06-18 21:23:05'),('0103010501','执行查询','01030105','查询',4,'1','dosearch','/baseinfo/doQuestionListQueryAction.do','4','1','/baseinfo/questionlist/questionListSearch.jsp',NULL,0,8,NULL,NULL,'2009-06-18 21:23:05',NULL,'2009-06-18 21:23:05'),('010303','基础代码','0103','基础信息',2,'0','view','baseinfo','3','1','/baseinfo/left.jsp','',0,2,'','001','2010-02-13 13:47:42',NULL,'2010-12-13 15:12:31'),('01030301','确定','010303','基础代码',3,'1','save','/baseinfo/doBaseCodeSaveAction.do','4','1','/baseinfo/basecode/jBaseCode.jsp','',0,1,NULL,'001','2010-02-13 14:26:02','001','2010-03-10 17:08:07'),('010304','系统代码','0103','基础信息',2,'0','view','baseinfo','3','1','/baseinfo/left.jsp','',0,3,'','001','2010-02-13 13:47:42',NULL,'2010-12-13 15:12:31'),('01030402','确定','010304','系统代码',3,'1','save','/baseinfo/doSysCodeSaveAction.do','4','1','/baseinfo/syscode/jSysCode.jsp','',0,1,NULL,'001','2010-02-13 14:38:43',NULL,'2010-12-13 15:12:31'),('010305','控制面板配置','0103','基础信息',2,'0','view','../baseinfo/toSysOptionAction.do','3','1','/baseinfo/left.jsp','',0,4,NULL,'001','2010-03-10 10:47:12','001','2010-03-10 13:27:35'),('01030502','确定','010305','控制面板配置管理',3,'1','save','/baseinfo/doSysOptionSaveAction.do','4','1','/baseinfo/sysoption/jSysOption.jsp','',0,1,NULL,'001','2010-03-10 10:52:01','001','2010-03-10 11:22:51'),('01030503','生成','010305','控制面板配置管理',3,'1','accept','/baseinfo/doSysOptionMakeAction.do','4','1','/baseinfo/sysoption/jSysOption.jsp','',0,2,'生成【控制面板】页面','001','2010-03-10 10:52:01','001','2010-03-10 13:18:50'),('010306','厂家信息','0103','基础信息',2,'0','view','baseinfo','3','1','/baseinfo/left.jsp','',0,6,'',NULL,NULL,NULL,NULL),('01030602','查看','010306','厂家信息',3,'1','view','/basicinfo/toFactoryViewAction.do','4','1','/basicinfo/factory/jFactoryList.jsp','',0,1,'',NULL,NULL,NULL,NULL),('01030603','新建','010306','厂家信息',3,'0','new','/basicinfo/toFactoryCreateAction.do','4','1','/basicinfo/factory/jFactoryList.jsp','',0,2,'',NULL,NULL,NULL,NULL),('0103060302','确定','01030603','新建',4,'1','save','/basicinfo/doFactoryCreateSaveAction.do','4','1','/basicinfo/factory/jFactoryCreate.jsp','',0,1,'',NULL,NULL,NULL,NULL),('0103060303','暂存','01030603','新建',4,'1','save','/basicinfo/doFactoryCreateSaveAction.do?flag=tempsuccess','4','1','/basicinfo/factory/jFactoryCreate.jsp','',0,2,'',NULL,NULL,NULL,NULL),('01030604','修改','010306','厂家信息',3,'0','update','/basicinfo/toFactoryUpdateAction.do','4','1','/basicinfo/factory/jFactoryList.jsp','',0,3,'',NULL,NULL,NULL,NULL),('0103060402','确定','01030604','修改',4,'1','save','/basicinfo/doFactoryUpdateSaveAction.do','4','1','/basicinfo/factory/jFactoryUpdate.jsp','',0,1,'',NULL,NULL,NULL,NULL),('0103060403','暂存','01030604','修改',4,'1','save','/basicinfo/doFactoryUpdateSaveAction.do?flag=tempsuccess','4','1','/basicinfo/factory/jFactoryUpdate.jsp','',0,2,'',NULL,NULL,NULL,NULL),('01030605','删除','010306','厂家信息',3,'1','delete','/basicinfo/doFactoryDeleteAction.do','4','1','/basicinfo/factory/jFactoryList.jsp','',0,4,'',NULL,NULL,NULL,NULL),('01030606','启用','010306','厂家信息',3,'1','new','/basicinfo/doFactoryRunAction.do','4','1','/basicinfo/factory/jFactoryList.jsp','',0,5,'',NULL,NULL,NULL,NULL),('01030607','停止','010306','厂家信息',3,'1','new','/basicinfo/doFactoryStopAction.do','4','1','/basicinfo/factory/jFactoryList.jsp','',0,6,'',NULL,NULL,NULL,NULL),('010307','产品信息','0103','基础信息',2,'0','view','baseinfo','3','1','/baseinfo/left.jsp','',0,7,'',NULL,NULL,NULL,NULL),('01030702','查看','010307','产品信息',3,'1','view','/basicinfo/toItemsViewAction.do','4','1','/basicinfo/items/jItemsList.jsp','',0,1,'',NULL,NULL,NULL,NULL),('01030703','新建','010307','产品信息',3,'0','new','/basicinfo/toItemsCreateAction.do','4','1','/basicinfo/items/jItemsList.jsp','',0,2,'',NULL,NULL,NULL,NULL),('0103070302','确定','01030703','新建',4,'1','save','/basicinfo/doItemsCreateSaveAction.do','4','1','/basicinfo/items/jItemsCreate.jsp','',0,1,'',NULL,NULL,NULL,NULL),('0103070303','暂存','01030703','新建',4,'1','save','/basicinfo/doItemsCreateSaveAction.do?flag=tempsuccess','4','1','/basicinfo/items/jItemsCreate.jsp','',0,2,'',NULL,NULL,NULL,NULL),('01030704','修改','010307','产品信息',3,'0','update','/basicinfo/toItemsUpdateAction.do','4','1','/basicinfo/items/jItemsList.jsp','',0,3,'',NULL,NULL,NULL,NULL),('0103070402','确定','01030704','修改',4,'1','save','/basicinfo/doItemsUpdateSaveAction.do','4','1','/basicinfo/items/jItemsUpdate.jsp','',0,1,'',NULL,NULL,NULL,NULL),('0103070403','暂存','01030704','修改',4,'1','save','/basicinfo/doItemsUpdateSaveAction.do?flag=tempsuccess','4','1','/basicinfo/items/jItemsUpdate.jsp','',0,2,'',NULL,NULL,NULL,NULL),('01030705','删除','010307','产品信息',3,'1','delete','/basicinfo/doItemsDeleteAction.do','4','1','/basicinfo/items/jItemsList.jsp','',0,4,'',NULL,NULL,NULL,NULL),('010308','模板配置','0103','基础信息',2,'1','view','/common/toUserTempAction.do','3','1','/baseinfo/left.jsp','',0,6,'',NULL,NULL,NULL,NULL),('0104','系统管理','01','系统功能模块',1,'0',NULL,'/system_admin/welcome.do','2','1','title.jsp','',0,18,NULL,NULL,'2009-05-24 18:29:55','001','2010-11-10 11:18:24'),('010401','权限管理','0104','系统管理',2,'0','users_family.png',NULL,'3','1','/system_admin/left.jsp','',0,1,NULL,NULL,'2009-05-24 18:29:55','001','2010-03-11 16:07:22'),('01040101','部门管理','010401','权限管理',3,'0','','/system_admin/organizationListAction.do','3','1','/system_admin/left.jsp','',0,1,'',NULL,'2009-05-24 18:29:55',NULL,'2009-05-24 18:29:55'),('0104010101','查看','01040101','组织机构',4,'1','view','/system_admin/deptViewAction.do','4','1','/system_admin/deptList.jsp',NULL,0,1,NULL,NULL,'2009-06-02 23:31:15',NULL,'2009-06-02 23:31:15'),('0104010102','新建','01040101','组织机构',4,'1','new','/system_admin/deptCreateAction.do','4','1','/system_admin/deptList.jsp',NULL,0,1,NULL,NULL,'2009-06-02 23:31:15',NULL,'2009-06-02 23:31:15'),('0104010103','修改','01040101','组织机构',4,'1','update','/system_admin/deptUpdateAction.do','4','1','/system_admin/deptList.jsp',NULL,0,1,NULL,NULL,'2009-06-02 23:31:15',NULL,'2009-06-02 23:31:15'),('0104010104','删除','01040101','组织机构',4,'1','delete','/system_admin/deptDeleteAction.do','4','1','/system_admin/deptList.jsp',NULL,0,1,NULL,NULL,'2009-06-02 23:31:15',NULL,'2009-06-02 23:31:15'),('0104010105','查询','01040101','组织机构',4,'1','search','/system_admin/deptSearchAction.do','4','1','/system_admin/deptList.jsp',NULL,0,1,NULL,NULL,'2009-06-02 23:31:15',NULL,'2009-06-02 23:31:15'),('0104010106','排序','01040101','组织机构',4,'1','search','/system_admin/deptSortAction.do','4','1','/system_admin/deptList.jsp','',0,6,NULL,NULL,'2009-06-03 19:34:04','001','2010-11-25 15:54:42'),('01040102','用户管理','010401','权限管理',3,'0','','/system_admin/userListAction.do','3','1','/system_admin/left.jsp','',0,6,'',NULL,'2009-05-24 18:29:55',NULL,'2009-05-24 18:29:55'),('0104010201','查看','01040102','用户管理',4,'1','view','/system_admin/userViewAction.do','4','1','/system_admin/userList.jsp',NULL,0,1,NULL,NULL,'2009-06-06 18:29:00',NULL,'2009-06-06 18:29:00'),('0104010202','新建','01040102','用户管理',4,'1','new','/system_admin/userCreateAction.do','4','1','/system_admin/userList.jsp',NULL,0,1,NULL,NULL,'2009-06-06 18:29:00',NULL,'2009-06-06 18:29:00'),('0104010203','修改','01040102','用户管理',4,'1','update','/system_admin/userUpdateAction.do','4','1','/system_admin/userList.jsp',NULL,0,1,NULL,NULL,'2009-06-06 18:29:00',NULL,'2009-06-06 18:29:00'),('0104010204','删除','01040102','用户管理',4,'1','delete','/system_admin/userDeleteAction.do','4','1','/system_admin/userList.jsp',NULL,0,1,NULL,NULL,'2009-06-06 18:29:00',NULL,'2009-06-06 18:29:00'),('0104010205','查询','01040102','用户管理',4,'1','search','/system_admin/userSearchAction.do','4','1','/system_admin/userList.jsp',NULL,0,1,NULL,NULL,'2009-06-06 18:29:00',NULL,'2009-06-06 18:29:00'),('0104010206','排序','01040102','用户管理',4,'1','search','/system_admin/userSortAction.do','4','1','/system_admin/userList.jsp',NULL,0,1,NULL,NULL,'2009-06-06 18:29:00',NULL,'2009-06-06 18:29:00'),('0104010207','重置密码','01040102','用户管理',4,'1','dosearch','/system_admin/userResetPassAction.do','4','1','/system_admin/userList.jsp',NULL,0,1,NULL,NULL,'2009-06-06 22:14:38',NULL,'2009-06-06 22:14:38'),('0104010208','启用','01040102','用户管理',4,'1','accept','/system_admin/userToUseAction.do','4','1','/system_admin/userList.jsp','',0,8,'',NULL,'2009-06-06 23:09:53',NULL,'2009-06-06 23:09:53'),('0104010209','停用','01040102','用户管理',4,'1','delete','/system_admin/userStopAction.do','4','1','/system_admin/userList.jsp','',0,9,'',NULL,'2009-06-06 23:09:53',NULL,'2009-06-06 23:09:53'),('01040103','角色管理','010401','权限管理',3,'0','','/system_admin/roleListAction.do','3','1','/system_admin/left.jsp','',0,7,'',NULL,'2009-05-24 18:29:55',NULL,'2009-05-24 18:29:55'),('0104010301','查看','01040103','角色管理',4,'1','view','/system_admin/roleViewAction.do','4','1','/system_admin/roleList.jsp',NULL,0,1,NULL,NULL,'2009-06-07 08:21:51',NULL,'2009-06-07 08:21:51'),('0104010302','新建','01040103','角色管理',4,'1','new','/system_admin/roleCreateAction.do','4','1','/system_admin/roleList.jsp',NULL,0,1,NULL,NULL,'2009-06-07 08:21:51',NULL,'2009-06-07 08:21:51'),('0104010303','修改','01040103','角色管理',4,'1','update','/system_admin/roleUpdateAction.do','4','1','/system_admin/roleList.jsp',NULL,0,1,NULL,NULL,'2009-06-07 08:21:51',NULL,'2009-06-07 08:21:51'),('0104010304','删除','01040103','角色管理',4,'1','delete','/system_admin/roleDeleteAction.do','4','1','/system_admin/roleList.jsp',NULL,0,1,NULL,NULL,'2009-06-07 08:21:51',NULL,'2009-06-07 08:21:51'),('0104010305','查询','01040103','角色管理',4,'1','search','/system_admin/roleSearchAction.do','4','1','/system_admin/roleList.jsp',NULL,0,1,NULL,NULL,'2009-06-07 08:21:51',NULL,'2009-06-07 08:21:51'),('01040104','操作日志','010401','权限管理',3,'0','','/system_admin/roleListAction.do','3','1','/system_admin/left.jsp','',0,2,'',NULL,'2009-05-24 18:29:55',NULL,'2009-05-24 18:29:55'),('0104010401','查看','01040104','日志管理',3,'1','view','/system_admin/logViewAction.do','4','1','/system_admin/logList.jsp',NULL,0,1,NULL,NULL,'2009-06-15 06:24:45',NULL,'2009-06-15 06:24:45'),('0104010402','删除','01040104','日志管理',3,'1','delete','/system_admin/logDeleteAction.do','4','1','/system_admin/logList.jsp',NULL,0,6,NULL,NULL,'2009-06-15 06:24:45',NULL,'2009-06-15 06:24:45'),('0104010403','查询','01040104','日志管理',3,'1','search','/system_admin/logSearchAction.do','4','1','/system_admin/logList.jsp',NULL,0,7,NULL,NULL,'2009-06-15 06:24:45',NULL,'2009-06-15 06:24:45'),('010401040301','执行查询','0104010403','查询',4,'1','dosearch','/system_admin/logQueryAction.do','4','1','/system_admin/logSearch.jsp',NULL,0,8,NULL,NULL,'2009-06-15 06:24:45',NULL,'2009-06-15 06:24:45'),('0104010404','清空','01040104','日志管理',3,'1','search','/system_admin/logClearAction.do','4','1','/system_admin/logList.jsp',NULL,0,7,NULL,NULL,'2009-06-15 06:24:45',NULL,'2009-06-15 06:24:45'),('01040105','登陆日志','010401','权限管理',3,'0','','/system_admin/roleListAction.do','3','1','/system_admin/left.jsp','',0,3,'',NULL,'2009-05-24 18:29:55',NULL,'2009-05-24 18:29:55'),('0104010501','查看','01040105','登陆日志管理',3,'1','view','/system_admin/loginLogViewAction.do','4','1','/system_admin/loginLogList.jsp',NULL,0,1,NULL,NULL,'2009-06-15 06:24:45',NULL,'2009-06-15 06:24:45'),('0104010502','删除','01040105','登陆日志管理',3,'1','delete','/system_admin/loginLogDeleteAction.do','4','1','/system_admin/loginLogList.jsp',NULL,0,6,NULL,NULL,'2009-06-15 06:24:45',NULL,'2009-06-15 06:24:45'),('0104010503','查询','01040105','登陆日志管理',3,'1','search','/system_admin/loginLogSearchAction.do','4','1','/system_admin/loginLogList.jsp',NULL,0,7,NULL,NULL,'2009-06-15 06:24:45',NULL,'2009-06-15 06:24:45'),('010401050301','执行查询','0104010503','查询',4,'1','dosearch','/system_admin/loginLogListAction.do','4','1','/system_admin/loginLogSearch.jsp','',0,1,NULL,NULL,'2009-06-15 06:24:45','001','2011-02-17 14:57:00'),('0104010504','清空','01040105','登陆日志管理',3,'1','search','/system_admin/loginLogClearAction.do','4','1','/system_admin/loginLogList.jsp',NULL,0,7,NULL,NULL,'2009-06-15 06:24:45',NULL,'2009-06-15 06:24:45'),('01040106','模块访问','010401','权限管理',3,'0','','/system_admin/roleListAction.do','3','1','/system_admin/left.jsp','',0,4,'',NULL,NULL,NULL,NULL),('0104010602','查看','01040106','模块访问',4,'1','view','/system_admin/accessLogViewAction.do','4','1','/system_admin/accessLogList.jsp','',0,1,'',NULL,NULL,NULL,NULL),('0104010603','删除','01040106','模块访问',4,'1','delete','/system_admin/accessLogDeleteAction.do','4','1','/system_admin/accessLogList.jsp','',0,2,'',NULL,NULL,NULL,NULL),('0104010604','查询','01040106','模块访问',4,'1','search','/system_admin/accessLogSearchAction.do','4','1','/system_admin/accessLogList.jsp','',0,3,'',NULL,NULL,NULL,NULL),('0104010605','清空','01040106','模块访问',4,'1','search','/system_admin/accessLogClearAction.do','4','1','/system_admin/accessLogList.jsp','',0,4,'',NULL,NULL,NULL,NULL),('01040107','模块管理','010401','权限管理',3,'0','','/system_admin/roleListAction.do','3','1','/system_admin/left.jsp','',0,7,'',NULL,NULL,NULL,NULL),('0104010702','确定','01040107','模块管理',4,'1','save','/baseinfo/doModuleSaveAction.do','4','1','/baseinfo/module/jModule.jsp','',0,1,'',NULL,NULL,NULL,NULL),('010402','系统工具','0104','系统管理',2,'0','data_gear.png',NULL,'3','1','/system_admin/left.jsp','',0,2,NULL,NULL,'2009-05-24 18:29:55','001','2010-03-11 16:07:22'),('01040201','系统管理','010402','系统工具',3,'0',NULL,'/system_admin/organizationListAction.do','2','1','/system_admin/left.jsp',NULL,0,99,NULL,NULL,'2009-05-24 18:29:55',NULL,'2009-05-24 18:29:55'),('01040202','数据管理','010402','系统工具',3,'0',NULL,'/system_admin/userListAction.do','2','1','/system_admin/left.jsp',NULL,0,99,NULL,NULL,'2009-05-24 18:29:55',NULL,'2009-05-24 18:29:55'),('010403','控制面板','0104','系统管理',2,'1','','','3','1','/system_admin/left.jsp','',0,3,'',NULL,NULL,NULL,NULL),('0119','内容管理','01','系统功能模块',1,'0','','/office/welcome.do','2','1','title.jsp','',0,3,'','001','2010-09-13 15:03:27','001','2010-11-10 11:18:24'),('011902','工作动态','0119','班建动态',2,'0',NULL,'/site/doNewsListAction.do?which=1','3','1','/site/left.jsp','1',0,1,NULL,'001','2010-09-13 15:15:42','001','2010-11-29 16:01:10'),('01190202','查看','011902','工作动态',3,'1','view','/office/toNewsViewAction.do','4','1','/office/news/jNewsList.jsp','1',0,1,NULL,'001','2010-09-23 12:07:57','001','2010-11-26 17:28:11'),('01190203','新建','011902','工作动态',3,'0','new','/office/toNewsCreateAction.do','4','1','/office/news/jNewsList.jsp','1',0,2,NULL,'001','2010-09-23 12:07:57','001','2010-11-26 17:28:11'),('0119020302','确定','01190203','新建',4,'1','save','/office/doNewsCreateSaveAction.do','4','1','/office/news/jNewsCreate.jsp','1',0,1,NULL,'001','2010-09-23 12:15:25','001','2010-11-29 10:56:37'),('0119020303','暂存','01190203','新建',4,'1','save','/office/doNewsCreateSaveAction.do?flag=tempsuccess','4','1','/office/news/jNewsCreate.jsp','1',0,2,NULL,'001','2010-09-23 12:15:25','001','2010-11-29 10:56:37'),('01190204','修改','011902','工作动态',3,'0','update','/office/toNewsUpdateAction.do','4','1','/office/news/jNewsList.jsp','1',0,3,NULL,'001','2010-09-23 12:07:57','001','2010-11-26 17:28:11'),('0119020402','确定','01190204','修改',4,'1','save','/office/doNewsUpdateSaveAction.do','4','1','/office/news/jNewsUpdate.jsp','1',0,1,NULL,'001','2010-09-23 12:20:12','001','2010-11-29 10:56:46'),('0119020403','暂存','01190204','修改',4,'1','save','/office/doNewsUpdateSaveAction.do?flag=tempsuccess','4','1','/office/news/jNewsUpdate.jsp','1',0,2,NULL,'001','2010-09-23 12:20:12','001','2010-11-29 10:56:46'),('01190205','删除','011902','工作动态',3,'1','delete','/office/doNewsDeleteAction.do','4','1','/office/news/jNewsList.jsp','1',0,4,NULL,'001','2010-09-23 12:07:57','001','2010-11-26 17:28:11'),('01190206','生成','011902','工作动态',3,'1','accept','/office/doNewsMakeAction.do','4','1','/office/news/jNewsList.jsp','1',0,5,NULL,'001','2010-09-26 14:32:39','001','2010-11-26 17:28:11'),('01190207','发布','011902','工作动态',3,'1','new','/office/doNewsShareAction.do','4','1','/office/news/jNewsList.jsp','1',0,6,NULL,'001','2010-09-23 12:07:57','001','2010-11-26 17:28:11'),('01190208','取消','011902','工作动态',3,'1','delete','/office/doNewsCancelShareAction.do','4','1','/office/news/jNewsList.jsp','1',0,7,'取消发布','001','2010-11-25 10:37:07','001','2010-11-26 17:28:11'),('011903','通知公告','0119','班建动态',2,'0',NULL,'/site/doNewsListAction.do?which=1','3','1','/site/left.jsp','1',0,2,NULL,'001','2010-09-13 15:15:42','001','2010-11-29 16:01:10'),('01190302','查看','011903','通知',3,'1','view','/office/toNoticeViewAction.do','4','1','/office/notice/jNoticeList.jsp','1',0,1,NULL,'001','2010-09-23 20:36:48',NULL,'2010-12-13 15:12:31'),('01190303','新建','011903','通知',3,'0','new','/office/toNoticeCreateAction.do','4','1','/office/notice/jNoticeList.jsp','1',0,2,NULL,'001','2010-09-23 20:36:48',NULL,'2010-12-13 15:12:31'),('0119030302','确定','01190303','新建',4,'1','save','/office/doNoticeCreateSaveAction.do','4','1','/office/notice/jNoticeCreate.jsp','1',0,1,NULL,'001','2010-09-23 20:37:59',NULL,'2010-12-13 15:12:31'),('0119030303','暂存','01190303','新建',4,'1','save','/office/doNoticeCreateSaveAction.do?flag=tempsuccess','4','1','/office/notice/jNoticeCreate.jsp','1',0,2,NULL,'001','2010-09-23 20:37:59',NULL,'2010-12-13 15:12:31'),('01190304','修改','011903','通知',3,'0','update','/office/toNoticeUpdateAction.do','4','1','/office/notice/jNoticeList.jsp','1',0,3,NULL,'001','2010-09-23 20:36:48',NULL,'2010-12-13 15:12:31'),('0119030402','确定','01190304','修改',4,'1','save','/office/doNoticeUpdateSaveAction.do','4','1','/office/notice/jNoticeUpdate.jsp','1',0,1,NULL,'001','2010-09-23 20:39:41',NULL,'2010-12-13 15:12:31'),('0119030403','暂存','01190304','修改',4,'1','save','/office/doNoticeUpdateSaveAction.do?flag=tempsuccess','4','1','/office/notice/jNoticeUpdate.jsp','1',0,2,NULL,'001','2010-09-23 20:39:41',NULL,'2010-12-13 15:12:31'),('01190305','删除','011903','通知',3,'1','delete','/office/doNoticeDeleteAction.do','4','1','/office/notice/jNoticeList.jsp','1',0,4,NULL,'001','2010-09-23 20:36:48',NULL,'2010-12-13 15:12:31'),('01190306','生成','011903','通知',3,'1','accept','/office/doNoticeMakeAction.do','4','1','/office/notice/jNoticeList.jsp','1',0,5,NULL,'001','2010-09-26 14:32:39','001','2010-09-27 11:18:09'),('01190307','发布','011903','通知',3,'1','new','/office/doNoticeShareAction.do','4','1','/office/notice/jNoticeList.jsp','1',0,5,NULL,'001','2010-09-23 20:36:47',NULL,'2010-12-13 15:12:31'),('01190308','取消','011903','通知',3,'1','delete','/office/doNoticeCancelShareAction.do','4','1','/office/notice/jNoticeList.jsp','1',0,7,'取消发布','001','2010-11-25 11:20:41',NULL,'2010-12-13 15:12:31'),('011904','系统公告','0119','班建动态',2,'0',NULL,'/site/doNewsListAction.do?which=1','3','1','/site/left.jsp','',0,3,NULL,'001','2010-09-13 15:15:42','001','2010-11-29 16:01:10'),('01190402','查看','011904','公告',3,'1','view','/office/toBulletinViewAction.do','4','1','/office/bulletin/jBulletinList.jsp','1',0,1,NULL,'001','2010-09-23 18:52:10',NULL,'2010-12-13 15:12:31'),('01190403','新建','011904','公告',3,'0','new','/office/toBulletinCreateAction.do','4','1','/office/bulletin/jBulletinList.jsp','1',0,2,NULL,'001','2010-09-23 18:52:10',NULL,'2010-12-13 15:12:31'),('0119040302','确定','01190403','新建',4,'1','save','/office/doBulletinCreateSaveAction.do','4','1','/office/bulletin/jBulletinCreate.jsp','1',0,1,NULL,'001','2010-09-23 18:53:08',NULL,'2010-12-13 15:12:31'),('0119040303','暂存','01190403','新建',4,'1','save','/office/doBulletinCreateSaveAction.do?flag=tempsuccess','4','1','/office/bulletin/jBulletinCreate.jsp','1',0,2,NULL,'001','2010-09-23 18:53:08',NULL,'2010-12-13 15:12:31'),('01190404','修改','011904','公告',3,'0','update','/office/toBulletinUpdateAction.do','4','1','/office/bulletin/jBulletinList.jsp','1',0,3,NULL,'001','2010-09-23 18:52:10',NULL,'2010-12-13 15:12:31'),('0119040402','确定','01190404','修改',4,'1','save','/office/doBulletinUpdateSaveAction.do','4','1','/office/bulletin/jBulletinUpdate.jsp','1',0,1,NULL,'001','2010-09-23 18:53:57',NULL,'2010-12-13 15:12:31'),('0119040403','暂存','01190404','修改',4,'1','save','/office/doBulletinUpdateSaveAction.do?flag=tempsuccess','4','1','/office/bulletin/jBulletinUpdate.jsp','1',0,2,NULL,'001','2010-09-23 18:53:57',NULL,'2010-12-13 15:12:31'),('01190405','删除','011904','公告',3,'1','delete','/office/doBulletinDeleteAction.do','4','1','/office/bulletin/jBulletinList.jsp','1',0,4,NULL,'001','2010-09-23 18:52:10',NULL,'2010-12-13 15:12:31'),('01190406','生成','011904','公告',3,'1','accept','/office/doBulletinMakeAction.do','4','1','/office/bulletin/jBulletinList.jsp','1',0,5,NULL,'001','2010-11-15 13:26:37',NULL,'2010-12-13 15:12:31'),('01190407','发布','011904','公告',3,'1','new','/office/doBulletinShareAction.do','4','1','/office/bulletin/jBulletinList.jsp','1',0,6,NULL,'001','2010-09-23 18:52:10',NULL,'2010-12-13 15:12:31'),('01190408','取消','011904','公告',3,'1','delete','/office/doBulletinCancelShareAction.do','4','1','/office/bulletin/jBulletinList.jsp','1',0,7,NULL,'001','2010-11-25 11:21:10',NULL,'2010-12-13 15:12:31'),('011905','工作动态审核','0119','班建动态',2,'0',NULL,'/site/doNewsListAction.do?which=2','3','1','/site/left.jsp','2',0,4,NULL,'001','2010-11-26 17:16:50','001','2010-11-29 16:01:10'),('01190502','发布','011905','新闻审核',3,'1','new','/office/doNewsShareAction.do','4','1','/office/news/jNewsList.jsp','2',0,1,NULL,'001','2010-11-26 17:19:16',NULL,'2010-12-13 15:12:31'),('011906','通知公告审核','0119','班建动态',2,'0',NULL,'/site/doNewsListAction.do?which=2','3','1','/site/left.jsp','2',0,5,NULL,'001','2010-11-29 16:01:10',NULL,'2010-12-13 15:12:31'),('01190602','发布','011906','通知公告审核',3,'1','new','/office/doNoticeShareAction.do','4','1','/office/notice/jNoticeList.jsp','2',0,1,NULL,'001','2010-11-29 16:02:23','001','2010-12-13 09:43:27'),('011907','大事记','0119','新闻动态',2,'0','','/site/doNewsListAction.do?which=2','3','1','/site/left.jsp','',0,6,'',NULL,NULL,NULL,NULL),('01190702','查看','011907','大事记',3,'1','view','/office/toChistoryViewAction.do','4','1','/office/chistory/jChistoryList.jsp','',0,1,'',NULL,NULL,NULL,NULL),('01190703','新建','011907','大事记',3,'0','new','/office/toChistoryCreateAction.do','4','1','/office/chistory/jChistoryList.jsp','',0,2,'',NULL,NULL,NULL,NULL),('0119070302','确定','01190703','新建',4,'1','save','/office/doChistoryCreateSaveAction.do','4','1','/office/chistory/jChistoryCreate.jsp','',0,1,'',NULL,NULL,NULL,NULL),('0119070303','暂存','01190703','新建',4,'1','save','/office/doChistoryCreateSaveAction.do?flag=tempsuccess','4','1','/office/chistory/jChistoryCreate.jsp','',0,2,'',NULL,NULL,NULL,NULL),('01190704','修改','011907','大事记',3,'0','update','/office/toChistoryUpdateAction.do','4','1','/office/chistory/jChistoryList.jsp','',0,3,'',NULL,NULL,NULL,NULL),('0119070402','确定','01190704','修改',4,'1','save','/office/doChistoryUpdateSaveAction.do','4','1','/office/chistory/jChistoryUpdate.jsp','',0,1,'',NULL,NULL,NULL,NULL),('0119070403','暂存','01190704','修改',4,'1','save','/office/doChistoryUpdateSaveAction.do?flag=tempsuccess','4','1','/office/chistory/jChistoryUpdate.jsp','',0,2,'',NULL,NULL,NULL,NULL),('01190705','删除','011907','大事记',3,'1','delete','/office/doChistoryDeleteAction.do','4','1','/office/chistory/jChistoryList.jsp','',0,4,'',NULL,NULL,NULL,NULL),('01190706','生成','011907','大事记',3,'1','accept','/office/doChistoryMakeAction.do','4','1','/office/chistory/jChistoryList.jsp','',0,5,'',NULL,NULL,NULL,NULL),('0129','运行情况','01','系统功能模块',1,'1',NULL,'/run/welcome.do','2','1','title.jsp','',0,19,NULL,'001','2010-12-27 08:52:17','001','2010-12-27 10:22:09'),('0130','货运管理','01','系统功能模块',1,'0','','/cargo/welcome.do','2','1','title.jsp','',0,2,'',NULL,NULL,NULL,NULL),('013002','货运管理','0130','货物管理',2,'0','view','','3','1','/site/left.jsp','',0,1,'',NULL,NULL,NULL,NULL),('01300202','查看','013002','货物管理',3,'1','view','/cargo/toCargoViewAction.do','4','1','/cargo/cargo/jCargoList.jsp','',0,1,'',NULL,NULL,NULL,NULL),('01300203','新建','013002','货运管理',3,'1','new','/contract/toContractCreateAction.do','4','1','/cargo/cargo/jCargoList.jsp','',0,2,'',NULL,NULL,NULL,NULL),('01300204','删除','013002','货运管理',3,'1','delete','/cargo/doCargoDeleteAction.do','4','1','/cargo/cargo/jCargoList.jsp','',0,3,'',NULL,NULL,NULL,NULL),('013003','合同管理','0130','货运管理',2,'0','view','','3','1','/site/left.jsp','',0,2,'',NULL,NULL,NULL,NULL),('01300302','查看','013003','合同管理',3,'1','view','/cargo/toContractViewAction.do','4','1','/cargo/contract/jContractList.jsp','',0,1,'',NULL,NULL,NULL,NULL),('01300303','新建','013003','合同管理',3,'0','new','/cargo/toContractCreateAction.do','4','1','/cargo/contract/jContractList.jsp','',0,2,'',NULL,NULL,NULL,NULL),('0130030302','确定','01300303','新建',4,'1','save','/cargo/doContractCreateSaveAction.do','4','1','/cargo/contract/jContractCreate.jsp','',0,1,'',NULL,NULL,NULL,NULL),('0130030303','暂存','01300303','新建',4,'1','save','/cargo/doContractCreateSaveAction.do?flag=tempsuccess','4','1','/cargo/contract/jContractCreate.jsp','',0,2,'',NULL,NULL,NULL,NULL),('01300304','修改','013003','合同管理',3,'0','update','/cargo/toContractUpdateAction.do','4','1','/cargo/contract/jContractList.jsp','',0,3,'',NULL,NULL,NULL,NULL),('0130030402','确定','01300304','修改',4,'1','save','/cargo/doContractUpdateSaveAction.do','4','1','/cargo/contract/jContractUpdate.jsp','',0,1,'',NULL,NULL,NULL,NULL),('0130030403','暂存','01300304','修改',4,'1','save','/cargo/doContractUpdateSaveAction.do?flag=tempsuccess','4','1','/cargo/contract/jContractUpdate.jsp','',0,2,'',NULL,NULL,NULL,NULL),('01300305','删除','013003','合同管理',3,'1','delete','/cargo/doContractDeleteAction.do','4','1','/cargo/contract/jContractList.jsp','',0,4,'',NULL,NULL,NULL,NULL),('01300307','打印','013003','合同管理',3,'1','print','/cargo/doContractPrintAction.do','4','1','/cargo/contract/jContractList.jsp','',0,9,'',NULL,NULL,NULL,NULL),('01300312','附件','013003','合同管理',3,'0','new','/cargo/toExtCproductEditAction.do','4','1','/cargo/contract/jContractList.jsp','',0,5,'',NULL,NULL,NULL,NULL),('0130031202','确定','01300312','附件',4,'1','save','/cargo/doExtCproductSaveAction.do','4','1','/cargo/extcproduct/jExtCproductEdit.jsp','',0,1,'',NULL,NULL,NULL,NULL),('0130031203','打印','01300312','附件',4,'1','print','/cargo/doExtCproductPrintAction.do','4','1','/cargo/extcproduct/jExtCproductEdit.jsp','',0,2,'',NULL,NULL,NULL,NULL),('01300313','归档','013003','合同管理',3,'1','new','/cargo/doContractFinishAction.do','4','1','/cargo/contract/jContractList.jsp','',0,6,'',NULL,NULL,NULL,NULL),('01300314','撤消','013003','合同管理',3,'1','new','/cargo/doContractCancelAction.do','4','1','/cargo/contract/jContractList.jsp','',0,7,'撤消归档',NULL,NULL,NULL,NULL),('01300315','出货表','013003','合同管理',3,'0','stat','/cargo/toOutProductEditAction.do','4','1','/cargo/contract/jContractList.jsp','',0,8,'',NULL,NULL,NULL,NULL),('0130031502','打印','01300315','出货表',4,'1','print','/cargo/doOutProductPrintAction.do','4','1','/cargo/outproduct/jOutProductEdit.jsp','',0,1,'',NULL,NULL,NULL,NULL),('01300316','上报','013003','合同管理',3,'1','new','/cargo/doContractSubmitAction.do','4','1','/cargo/contract/jContractList.jsp','',0,10,'',NULL,NULL,NULL,NULL),('01300317','取消','013003','合同管理',3,'1','new','/cargo/doContractCancelSubmitAction.do','4','1','/cargo/contract/jContractList.jsp','',0,11,'取消上报',NULL,NULL,NULL,NULL),('01300318','复制','013003','合同管理',3,'1','back','/cargo/doContractCopyAction.do','4','1','/cargo/contract/jContractList.jsp','',0,12,'',NULL,NULL,NULL,NULL),('013004','报运管理','0130','货运管理',2,'0','view','','3','1','/site/left.jsp','',0,3,'',NULL,NULL,NULL,NULL),('01300402','查看','013004','报运管理',3,'1','view','/cargo/toExportViewAction.do','4','1','/cargo/export/jExportList.jsp','',0,1,'',NULL,NULL,NULL,NULL),('01300403','新建','013004','报运管理',3,'0','new','/cargo/toExportCreateAction.do','4','1','/cargo/export/jExportList.jsp','',0,2,'',NULL,NULL,NULL,NULL),('0130040302','确定','01300403','新建',4,'1','save','/cargo/doExportCreateSaveAction.do','4','1','/cargo/export/jExportCreate.jsp','',0,1,'',NULL,NULL,NULL,NULL),('0130040303','暂存','01300403','新建',4,'1','save','/cargo/doExportCreateSaveAction.do?flag=tempsuccess','4','1','/cargo/export/jExportCreate.jsp','',0,2,'',NULL,NULL,NULL,NULL),('01300404','修改','013004','报运管理',3,'0','update','/cargo/toExportUpdateAction.do','4','1','/cargo/export/jExportList.jsp','',0,3,'',NULL,NULL,NULL,NULL),('0130040402','确定','01300404','修改',4,'1','save','/cargo/doExportUpdateSaveAction.do','4','1','/cargo/export/jExportUpdate.jsp','',0,1,'',NULL,NULL,NULL,NULL),('0130040403','暂存','01300404','修改',4,'1','save','/cargo/doExportUpdateSaveAction.do?flag=tempsuccess','4','1','/cargo/export/jExportUpdate.jsp','',0,2,'',NULL,NULL,NULL,NULL),('0130040404','货物','01300404','修改',4,'1','new','/cargo/toExportProductSelectAction.do','4','1','/cargo/export/jExportUpdate.jsp','',0,3,'',NULL,NULL,NULL,NULL),('01300405','删除','013004','报运管理',3,'1','delete','/cargo/doExportDeleteAction.do','4','1','/cargo/export/jExportList.jsp','',0,4,'',NULL,NULL,NULL,NULL),('01300406','打印','013004','报运管理',3,'1','print','/cargo/doExportPrintAction.do','4','1','/cargo/export/jExportList.jsp','',0,5,'',NULL,NULL,NULL,NULL),('01300410','复制','013004','报运管理',3,'1','back','/cargo/doExportCopyAction.do','4','1','/cargo/export/jExportList.jsp','',0,9,'',NULL,NULL,NULL,NULL),('01300411','上报','013004','报运管理',3,'1','new','/cargo/doExportSubmitAction.do','4','1','/cargo/export/jExportList.jsp','',0,10,'',NULL,NULL,NULL,NULL),('01300412','取消','013004','报运管理',3,'1','new','/cargo/doExportCancelSubmitAction.do','4','1','/cargo/export/jExportList.jsp','',0,11,'取消上报',NULL,NULL,NULL,NULL),('01300413','H装箱','013004','报运管理',3,'1','back','/cargo/toHomePackingListCreateAction.do','4','1','/cargo/export/jExportList.jsp','',0,9,'',NULL,NULL,NULL,NULL),('01300414','装箱','013004','报运管理',3,'1','back','/cargo/toPackingListCreateAction.do','4','1','/cargo/export/jExportList.jsp','',0,10,'',NULL,NULL,NULL,NULL),('013006','综合查询','0130','货运管理',2,'1','view','','3','1','/site/left.jsp','',0,5,'',NULL,NULL,NULL,NULL),('013007','HOME装箱','0130','货运管理',2,'0','view','','3','1','/site/left.jsp','',0,5,'',NULL,NULL,NULL,NULL),('01300701','查看','013007','HOME装箱',3,'1','view','/cargo/toHomePackingListViewAction.do','4','1','/cargo/homepackinglist/jHomePackingListList.jsp','',0,1,'',NULL,NULL,NULL,NULL),('01300702','新建','013007','HOME装箱',3,'0','new','/cargo/toHomePackingListCreateAction.do','4','1','/cargo/homepackinglist/jHomePackingListList.jsp','',0,2,'',NULL,NULL,NULL,NULL),('0130070201','保存','01300702','新建',4,'1','save','/cargo/doHomePackingListCreateSaveAction.do','4','1','/cargo/homepackinglist/jHomePackingListCreate.jsp','',0,1,'',NULL,NULL,NULL,NULL),('0130070202','暂存','01300702','新建',4,'1','save','/cargo/doHomePackingListCreateSaveAction.do?flag=tempsuccess','4','1','/cargo/homepackinglist/jHomePackingListCreate.jsp','',0,2,'',NULL,NULL,NULL,NULL),('01300703','修改','013007','HOME装箱',3,'0','update','/cargo/toHomePackingListUpdateAction.do','4','1','/cargo/homepackinglist/jHomePackingListList.jsp','',0,3,'',NULL,NULL,NULL,NULL),('0130070301','保存','01300703','修改',4,'1','save','/cargo/doHomePackingListUpdateSaveAction.do','4','1','/cargo/homepackinglist/jHomePackingListUpdate.jsp','',0,1,'',NULL,NULL,NULL,NULL),('0130070302','暂存','01300703','修改',4,'1','save','/cargo/doHomePackingListUpdateSaveAction.do?flag=tempsuccess','4','1','/cargo/homepackinglist/jHomePackingListUpdate.jsp','',0,2,'',NULL,NULL,NULL,NULL),('01300704','删除','013007','HOME装箱',3,'1','delete','/cargo/doHomePackingListDeleteAction.do','4','1','/cargo/homepackinglist/jHomePackingListList.jsp','',0,4,'',NULL,NULL,NULL,NULL),('01300705','打印','013007','HOME装箱',3,'1','print','/cargo/doHomePackingListPrintAction.do','4','1','/cargo/homepackinglist/jHomePackingListList.jsp','',0,5,'',NULL,NULL,NULL,NULL),('013008','装箱管理','0130','货运管理',2,'0','view','','3','1','/site/left.jsp','',0,6,'',NULL,NULL,NULL,NULL),('01300801','查看','013008','装箱管理',3,'1','view','/cargo/toPackingListViewAction.do','4','1','/cargo/packinglist/jPackingListList.jsp','',0,1,'',NULL,NULL,NULL,NULL),('01300802','新建','013008','装箱管理',3,'0','new','/cargo/toPackingListCreateAction.do','4','1','/cargo/packinglist/jPackingListList.jsp','',0,2,'',NULL,NULL,NULL,NULL),('0130080201','保存','01300802','新建',4,'1','save','/cargo/doPackingListCreateSaveAction.do','4','1','/cargo/packinglist/jPackingListCreate.jsp','',0,1,'',NULL,NULL,NULL,NULL),('0130080202','暂存','01300802','新建',4,'1','save','/cargo/doPackingListCreateSaveAction.do?flag=tempsuccess','4','1','/cargo/packinglist/jPackingListCreate.jsp','',0,2,'',NULL,NULL,NULL,NULL),('01300803','修改','013008','装箱管理',3,'0','update','/cargo/toPackingListUpdateAction.do','4','1','/cargo/packinglist/jPackingListList.jsp','',0,3,'',NULL,NULL,NULL,NULL),('0130080301','保存','01300803','修改',4,'1','save','/cargo/doPackingListUpdateSaveAction.do','4','1','/cargo/packinglist/jPackingListUpdate.jsp','',0,1,'',NULL,NULL,NULL,NULL),('0130080302','暂存','01300803','修改',4,'1','save','/cargo/doPackingListUpdateSaveAction.do?flag=tempsuccess','4','1','/cargo/packinglist/jPackingListUpdate.jsp','',0,2,'',NULL,NULL,NULL,NULL),('01300804','删除','013008','装箱管理',3,'1','delete','/cargo/doPackingListDeleteAction.do','4','1','/cargo/packinglist/jPackingListList.jsp','',0,4,'',NULL,NULL,NULL,NULL),('01300805','打印','013008','装箱管理',3,'1','print','/cargo/doPackingListPrintAction.do','4','1','/cargo/packinglist/jPackingListList.jsp','',0,5,'',NULL,NULL,NULL,NULL),('01300806','委托','013008','装箱管理',3,'0','accept','/cargo/toShippingOrderEditAction.do','4','1','/cargo/packinglist/jPackingListList.jsp','',0,6,'',NULL,NULL,NULL,NULL),('0130080601','确定','01300806','委托',4,'1','save','/cargo/doShippingOrderSaveAction.do','4','1','/cargo/shippingorder/jShippingOrderEdit.jsp','',0,1,'',NULL,NULL,NULL,NULL),('0130080602','打印','01300806','委托',4,'1','print','/cargo/doShippingOrderPrintAction.do','4','1','/cargo/shippingorder/jShippingOrderEdit.jsp','',0,2,'',NULL,NULL,NULL,NULL),('01300807','发票','013008','装箱管理',3,'0','new','/cargo/toInvoiceEditAction.do','4','1','/cargo/packinglist/jPackingListList.jsp','',0,7,'',NULL,NULL,NULL,NULL),('0130080701','确定','01300807','发票',4,'1','save','/cargo/doInvoiceSaveAction.do','4','1','/cargo/invoice/jInvoiceEdit.jsp','',0,1,'',NULL,NULL,NULL,NULL),('0130080702','打印','01300807','发票',4,'1','print','/cargo/doInvoicePrintAction.do','4','1','/cargo/invoice/jInvoiceEdit.jsp','',0,2,'',NULL,NULL,NULL,NULL),('01300808','财务','013008','装箱管理',3,'0','stat','/cargo/toFinanceEditAction.do','4','1','/cargo/packinglist/jPackingListList.jsp','',0,8,'',NULL,NULL,NULL,NULL),('0130080801','确定','01300808','财务',4,'1','save','/cargo/doFinanceSaveAction.do','4','1','/cargo/finance/jFinanceEdit.jsp','',0,1,'',NULL,NULL,NULL,NULL),('0130080802','打印','01300808','财务',4,'1','print','/cargo/doFinancePrintAction.do','4','1','/cargo/finance/jFinanceEdit.jsp','',0,2,'',NULL,NULL,NULL,NULL);

/*Table structure for table `online_t` */

DROP TABLE IF EXISTS `online_t`;

CREATE TABLE `online_t` (
  `A1` char(2) default NULL
) ENGINE=InnoDB DEFAULT CHARSET=utf8;

/*Data for the table `online_t` */

insert  into `online_t`(`A1`) values ('00'),('01'),('02'),('03'),('04'),('05'),('06'),('07'),('08'),('09'),('10'),('11'),('12'),('13'),('14'),('15'),('16'),('17'),('18'),('19'),('20'),('21'),('22'),('23');

/*Table structure for table `packing_list_c` */

DROP TABLE IF EXISTS `packing_list_c`;

CREATE TABLE `packing_list_c` (
  `PACKING_LIST_ID` varchar(40) NOT NULL,
  `SELLER` varchar(200) default NULL,
  `BUYER` varchar(200) default NULL,
  `INVOICE_NO` varchar(30) default NULL COMMENT '选择',
  `INVOICE_DATE` datetime default NULL,
  `MARKS` varchar(200) default NULL,
  `DESCRIPTIONS` varchar(200) default NULL,
  `EXPORT_IDS` varchar(200) default NULL COMMENT '报运ID集合',
  `EXPORT_NOS` varchar(200) default NULL COMMENT '报运NO集合x,y|z,h',
  `CREATE_BY` varchar(40) default NULL,
  `CREATE_DEPT` varchar(40) default NULL,
  `CREATE_TIME` datetime default NULL,
  PRIMARY KEY  (`PACKING_LIST_ID`)
) ENGINE=InnoDB DEFAULT CHARSET=utf8;

/*Data for the table `packing_list_c` */

insert  into `packing_list_c`(`PACKING_LIST_ID`,`SELLER`,`BUYER`,`INVOICE_NO`,`INVOICE_DATE`,`MARKS`,`DESCRIPTIONS`,`EXPORT_IDS`,`EXPORT_NOS`,`CREATE_BY`,`CREATE_DEPT`,`CREATE_TIME`) values ('0737be3e-9fee-4fd0-918b-e7c6287026d7','INT\'L CO.,LTD.\r\n8-C,JIATENG BUILDING.NO.108\r\nHEPING RO0001','LEE &CO.,LTD\r\nNOS.9-12,17/FL,TOWER 3,\r\nCHINA HONGKONG CITY,\r\n33CANTON ROOWLOON.HK','14JX008','2014-08-04 00:00:00','','','156cf16e-b23f-4852-9a1b-e36677e9071a|f69daeb5-984d-41cc-9fb6-d3887b64c96e','C/3817/11 11JK1080 11JK1078|C/3817/11',NULL,NULL,NULL);

/*Table structure for table `sys_code_b` */

DROP TABLE IF EXISTS `sys_code_b`;

CREATE TABLE `sys_code_b` (
  `SYS_CODE_ID` varchar(40) NOT NULL,
  `NAME` varchar(100) default NULL,
  `PARENT_ID` varchar(40) default NULL,
  `PARENT_NAME` varchar(100) default NULL,
  `LAYER_NUM` int(11) default NULL,
  `IS_LEAF` char(1) default NULL,
  `ICO` varchar(20) default NULL,
  `STATE` char(1) default NULL,
  `CNOTE` varchar(100) default NULL,
  `QUOTE_NUM` int(11) default NULL,
  `ORDER_NO` int(11) default NULL,
  `CREATED_BY` varchar(40) default NULL,
  `CREATED_TIME` datetime default NULL,
  `UPDATED_BY` varchar(40) default NULL,
  `UPDATED_TIME` datetime default NULL,
  PRIMARY KEY  (`SYS_CODE_ID`)
) ENGINE=InnoDB DEFAULT CHARSET=utf8;

/*Data for the table `sys_code_b` */

insert  into `sys_code_b`(`SYS_CODE_ID`,`NAME`,`PARENT_ID`,`PARENT_NAME`,`LAYER_NUM`,`IS_LEAF`,`ICO`,`STATE`,`CNOTE`,`QUOTE_NUM`,`ORDER_NO`,`CREATED_BY`,`CREATED_TIME`,`UPDATED_BY`,`UPDATED_TIME`) values ('01','系统代码','-1','root',0,'0',NULL,'1',NULL,1,0,NULL,'2010-03-11 09:34:38',NULL,'2010-03-11 09:34:38'),('0101','人员级别','01','系统代码',1,'0','','','',0,1,'001','2011-07-16 07:43:41',NULL,NULL),('010102','管理员','0101','人员级别',2,'1','','','',0,1,'001','2011-07-16 07:44:43',NULL,NULL),('010103','总经理','0101','人员级别',2,'1','','','',0,2,'001','2011-07-16 07:44:43',NULL,NULL),('010104','部门经理','0101','人员级别',2,'1','','','',0,3,'001','2011-07-16 07:44:43','001','2011-07-16 07:44:59'),('010105','组长','0101','人员级别',2,'1','','','',0,4,'001','2011-07-16 07:44:43',NULL,NULL),('010106','员工','0101','人员级别',2,'1','','','',0,5,'001','2011-07-16 07:44:43',NULL,NULL),('0102','栏目','01','系统代码',1,'0','','','',0,2,'001','2011-08-05 15:21:43',NULL,NULL),('010202','新闻报道','0102','栏目',2,'1','','','',0,1,'001','2011-08-05 15:24:17',NULL,NULL),('010203','通知公告','0102','栏目',2,'1','','','',0,2,'001','2011-08-05 15:24:17',NULL,NULL),('010204','公司制度','0102','栏目',2,'1','','','',0,3,'001','2011-08-05 15:24:17',NULL,NULL),('010205','行业报道','0102','栏目',2,'1','','','',0,4,'001','2011-08-05 15:24:17',NULL,NULL),('010206','大事记','0102','栏目',2,'1','','','',0,5,'001','2011-08-05 15:24:17',NULL,NULL),('0103','厂家类型','01','系统代码',1,'0','','','',1,3,'001','2011-08-05 15:21:43','001','2011-10-04 08:13:04'),('010302','玻璃','0103','厂家类型',2,'1','','','',1,1,'001','2011-08-18 16:10:22','001','2011-10-04 08:14:20'),('010303','彩盒','0103','厂家类型',2,'1','','','',1,2,'001','2011-08-18 16:10:22','001','2011-10-04 08:14:20'),('010304','PVC','0103','厂家类型',2,'1','','','',1,3,'001','2012-01-20 15:16:07',NULL,NULL),('010305','花纸','0103','厂家类型',2,'1','','','',1,4,'001','2012-01-20 15:16:07',NULL,NULL),('010306','保丽龙','0103','厂家类型',2,'1','','','',1,5,'001','2012-01-20 15:16:07',NULL,NULL),('010307','电镀','0103','厂家类型',2,'1','','','',1,6,'001','2012-01-20 15:16:07',NULL,NULL),('010308','水龙头','0103','厂家类型',2,'1','','','',1,7,'001','2012-01-20 15:16:07',NULL,NULL),('010309','蜡','0103','厂家类型',2,'1','','','',1,8,'001','2012-11-09 11:59:26',NULL,NULL),('0104','附件类型','01','系统代码',1,'0','','','',1,4,'001','2011-10-04 08:13:04',NULL,NULL),('010402','彩盒','0104','附件类型',2,'1','','1','',1,1,'001','2011-10-04 08:14:10',NULL,NULL),('010403','花纸','0104','附件类型',2,'1','','1','',1,2,'001','2011-10-04 08:14:10',NULL,NULL),('010404','保丽龙','0104','附件类型',2,'1','','1','',1,3,'001','2011-10-04 08:14:10',NULL,NULL),('010405','电镀','0104','附件类型',2,'1',NULL,'1',NULL,1,4,'001','2011-10-04 08:14:11',NULL,'2011-11-26 13:08:59'),('010407','PVC','0104','附件类型',2,'1','','1','',0,6,'001','2011-12-06 12:54:52',NULL,NULL),('010408','喷头','0104','附件类型',2,'1','','1','',0,7,'001','2011-12-06 12:54:52',NULL,NULL),('010409','不锈钢勺子','0104','附件类型',2,'1',NULL,'1',NULL,0,8,'001','2012-04-01 14:24:24',NULL,'2012-04-01 14:24:24'),('a','系统代码','-1','root',0,'0',NULL,'1',NULL,1,0,NULL,'2010-03-11 09:34:38',NULL,'2010-03-11 09:34:38'),('b','人员级别','01','系统代码',1,'0','','','',0,1,'001','2011-07-16 07:43:41',NULL,NULL);

/* Trigger structure for table `contract_c` */

DELIMITER $$

/*!50003 DROP TRIGGER*//*!50032 IF EXISTS */ /*!50003 `tri_del_contract_product` */$$

/*!50003 CREATE */ /*!50017 DEFINER = 'root'@'localhost' */ /*!50003 TRIGGER `tri_del_contract_product` BEFORE DELETE ON `contract_c` FOR EACH ROW BEGIN
	DELETE FROM contract_product_c WHERE contract_id=old.contract_id;
    END */$$


DELIMITER ;

/* Trigger structure for table `contract_product_c` */

DELIMITER $$

/*!50003 DROP TRIGGER*//*!50032 IF EXISTS */ /*!50003 `tri_del_ext_cproduct` */$$

/*!50003 CREATE */ /*!50017 DEFINER = 'root'@'localhost' */ /*!50003 TRIGGER `tri_del_ext_cproduct` BEFORE DELETE ON `contract_product_c` FOR EACH ROW BEGIN
	DELETE FROM ext_cproduct_c WHERE contract_product_id=old.contract_product_id;
    END */$$


DELIMITER ;

/* Procedure structure for procedure `insert_big_data` */

/*!50003 DROP PROCEDURE IF EXISTS  `insert_big_data` */;

DELIMITER $$

/*!50003 CREATE DEFINER=`root`@`localhost` PROCEDURE `insert_big_data`(IN START INT(10), IN max_num INT(10))
BEGIN
DECLARE i INT DEFAULT 0;
SET autocommit=0;
REPEAT
SET i=i+1;
INSERT INTO customer 
VALUES((START+i), CONCAT('tony',i),RAND()*90,'传智播客大数据量记录测试');
UNTIL i = max_num
END REPEAT;
COMMIT;
    END */$$
DELIMITER ;

/* Procedure structure for procedure `sp_customer` */

/*!50003 DROP PROCEDURE IF EXISTS  `sp_customer` */;

DELIMITER $$

/*!50003 CREATE DEFINER=`root`@`localhost` PROCEDURE `sp_customer`(IN START INT(10), IN max_num INT(10))
BEGIN
DECLARE i INT DEFAULT 0;
SET autocommit=0;
REPEAT
SET i=i+1;
INSERT INTO customer 
VALUES((START+i), CONCAT('tony',i),RAND()*90,'传智播客大数据量记录测试');
UNTIL i = max_num
END REPEAT;
COMMIT;
   
END */$$
DELIMITER ;

/* Procedure structure for procedure `sp_del_contract` */

/*!50003 DROP PROCEDURE IF EXISTS  `sp_del_contract` */;

DELIMITER $$

/*!50003 CREATE DEFINER=`root`@`localhost` PROCEDURE `sp_del_contract`(IN p_contract_id VARCHAR(40))
BEGIN
/*删除指定货物下的附件信息*/
DELETE FROM ext_cproduct_c WHERE contract_product_id IN (SELECT contract_product_id FROM contract_product_c WHERE contract_id=p_contract_id);
/*删除指定合同下的货物信息*/
DELETE FROM contract_product_c WHERE contract_id=p_contract_id;
/*删除指定的合同*/
DELETE FROM contract_c WHERE contract_id=p_contract_id;
COMMIT;
    
END */$$
DELIMITER ;

/* Procedure structure for procedure `sp_del_export` */

/*!50003 DROP PROCEDURE IF EXISTS  `sp_del_export` */;

DELIMITER $$

/*!50003 CREATE DEFINER=`root`@`localhost` PROCEDURE `sp_del_export`(IN p_export_id VARCHAR(40))
BEGIN
/*删除指定货物下的附件信息*/
DELETE FROM ext_eproduct_c WHERE export_product_id IN (SELECT export_product_id FROM export_product_c WHERE export_id=p_export_id);
/*删除指定报运下的货物信息*/
DELETE FROM export_product_c WHERE export_id=p_export_id;
/*删除指定的报运*/
DELETE FROM export_c WHERE export_id=p_export_id;
COMMIT;
    
END */$$
DELIMITER ;

/*!40101 SET SQL_MODE=@OLD_SQL_MODE */;
/*!40014 SET FOREIGN_KEY_CHECKS=@OLD_FOREIGN_KEY_CHECKS */;
/*!40014 SET UNIQUE_CHECKS=@OLD_UNIQUE_CHECKS */;
/*!40111 SET SQL_NOTES=@OLD_SQL_NOTES */;
